DROP TABLE IF EXISTS action_items;

CREATE TABLE `action_items` (
  `action_id` int(11) NOT NULL AUTO_INCREMENT,
  `action_item_id` int(11) DEFAULT NULL,
  `action_type` varchar(100) DEFAULT NULL,
  `action_description` text NOT NULL,
  `action_created_at` datetime NOT NULL DEFAULT current_timestamp(),
  PRIMARY KEY (`action_id`)
) ENGINE=InnoDB AUTO_INCREMENT=12 DEFAULT CHARSET=utf8mb4 COLLATE=utf8mb4_general_ci;

INSERT INTO action_items VALUES("5","130","flagged","Illegal","2024-12-11 07:33:59"),
("6","130","flagged","Illegal","2024-12-11 13:49:39"),
("7","130","flagged","Illegal","2024-12-11 14:12:35"),
("10","133","deleted automatically","Illegal","2024-12-11 15:01:38"),
("11","134","flagged","Illegal","2024-12-11 15:58:01");



DROP TABLE IF EXISTS activity_logs;

CREATE TABLE `activity_logs` (
  `act_log_id` int(11) NOT NULL AUTO_INCREMENT,
  `act_log_user_id` int(11) DEFAULT NULL,
  `act_log_act_type` varchar(100) DEFAULT NULL,
  `act_log_description` text DEFAULT NULL,
  `act_log_item_id` int(11) DEFAULT NULL,
  `act_log_offer_id` int(11) DEFAULT NULL,
  `act_log_ip_add` varchar(100) DEFAULT NULL,
  `act_log_device` text DEFAULT NULL,
  `act_log_created_at` datetime NOT NULL DEFAULT current_timestamp(),
  PRIMARY KEY (`act_log_id`)
) ENGINE=InnoDB AUTO_INCREMENT=74 DEFAULT CHARSET=utf8mb4 COLLATE=utf8mb4_general_ci;

INSERT INTO activity_logs VALUES("4","11","login","General Trias, Cavite","","","::1","Mozilla/5.0 (iPhone; CPU iPhone OS 16_6 like Mac OS X) AppleWebKit/605.1.15 (KHTML, like Gecko) Version/16.6 Mobile/15E148 Safari/604.1","2024-12-09 19:30:38"),
("5","15","login","General Trias, Cavite","","","::1","Mozilla/5.0 (Windows NT 10.0; Win64; x64) AppleWebKit/537.36 (KHTML, like Gecko) Chrome/131.0.0.0 Safari/537.36","2024-12-09 19:36:04"),
("8","15","verification","Verification submitted with fullname: Billy Joshua  Mahinay. Date submitted: 2024-12-09 20:35:13","","","::1","Mozilla/5.0 (Windows NT 10.0; Win64; x64) AppleWebKit/537.36 (KHTML, like Gecko) Chrome/131.0.0.0 Safari/537.36","2024-12-09 20:35:13"),
("9","11","login","General Trias, Cavite","","","::1","Mozilla/5.0 (Windows NT 10.0; Win64; x64) AppleWebKit/537.36 (KHTML, like Gecko) Chrome/131.0.0.0 Safari/537.36","2024-12-09 20:41:18"),
("10","11","login","Imus, Cavite","","","::1","Mozilla/5.0 (Windows NT 10.0; Win64; x64) AppleWebKit/537.36 (KHTML, like Gecko) Chrome/131.0.0.0 Safari/537.36","2024-12-09 22:19:42"),
("15","11","favortie add","exp1 added to favorites","","","::1","Mozilla/5.0 (iPhone; CPU iPhone OS 16_6 like Mac OS X) AppleWebKit/605.1.15 (KHTML, like Gecko) Version/16.6 Mobile/15E148 Safari/604.1","2024-12-10 00:26:13"),
("16","11","favortie remove","exp1 removed from favorites","","","::1","Mozilla/5.0 (iPhone; CPU iPhone OS 16_6 like Mac OS X) AppleWebKit/605.1.15 (KHTML, like Gecko) Version/16.6 Mobile/15E148 Safari/604.1","2024-12-10 00:43:21"),
("17","11","favortie add","exp1 added to favorites","","","::1","Mozilla/5.0 (iPhone; CPU iPhone OS 16_6 like Mac OS X) AppleWebKit/605.1.15 (KHTML, like Gecko) Version/16.6 Mobile/15E148 Safari/604.1","2024-12-10 00:43:32"),
("18","11","favortie add","Logitech Mouse added to favorites","","","::1","Mozilla/5.0 (Windows NT 10.0; Win64; x64) AppleWebKit/537.36 (KHTML, like Gecko) Chrome/131.0.0.0 Safari/537.36","2024-12-10 01:02:56"),
("19","11","favortie remove","exp1 removed from favorites","","","::1","Mozilla/5.0 (Windows NT 10.0; Win64; x64) AppleWebKit/537.36 (KHTML, like Gecko) Chrome/131.0.0.0 Safari/537.36","2024-12-10 01:05:41"),
("20","11","favortie add","exp1 added to favorites","","","::1","Mozilla/5.0 (Windows NT 10.0; Win64; x64) AppleWebKit/537.36 (KHTML, like Gecko) Chrome/131.0.0.0 Safari/537.36","2024-12-10 01:05:43"),
("21","15","login","General Trias, Cavite","","","::1","Mozilla/5.0 (Windows NT 10.0; Win64; x64) AppleWebKit/537.36 (KHTML, like Gecko) Chrome/131.0.0.0 Safari/537.36","2024-12-10 01:32:41"),
("22","16","login","General Trias, Cavite","","","::1","Mozilla/5.0 (Windows NT 10.0; Win64; x64) AppleWebKit/537.36 (KHTML, like Gecko) Chrome/131.0.0.0 Safari/537.36","2024-12-10 01:32:55"),
("23","11","login","General Trias, Cavite","","","::1","Mozilla/5.0 (Windows NT 10.0; Win64; x64) AppleWebKit/537.36 (KHTML, like Gecko) Chrome/131.0.0.0 Safari/537.36","2024-12-10 01:33:13"),
("24","11","favortie remove","exp1 removed from favorites","","","::1","Mozilla/5.0 (iPhone; CPU iPhone OS 16_6 like Mac OS X) AppleWebKit/605.1.15 (KHTML, like Gecko) Version/16.6 Mobile/15E148 Safari/604.1","2024-12-10 01:52:00"),
("25","11","favortie remove","Logitech Mouse removed from favorites","","","::1","Mozilla/5.0 (iPhone; CPU iPhone OS 16_6 like Mac OS X) AppleWebKit/605.1.15 (KHTML, like Gecko) Version/16.6 Mobile/15E148 Safari/604.1","2024-12-10 01:52:01"),
("26","11","favortie add","exp1 added to favorites","","","::1","Mozilla/5.0 (Windows NT 10.0; Win64; x64) AppleWebKit/537.36 (KHTML, like Gecko) Chrome/131.0.0.0 Safari/537.36","2024-12-10 01:53:41"),
("27","11","favortie remove","exp1 removed from favorites","","","::1","Mozilla/5.0 (Windows NT 10.0; Win64; x64) AppleWebKit/537.36 (KHTML, like Gecko) Chrome/131.0.0.0 Safari/537.36","2024-12-10 01:53:53"),
("28","11","favortie add","Black Shoes added to favorites","","","::1","Mozilla/5.0 (Windows NT 10.0; Win64; x64) AppleWebKit/537.36 (KHTML, like Gecko) Chrome/131.0.0.0 Safari/537.36","2024-12-10 01:54:39"),
("29","11","favortie add","exp1 added to favorites","","","::1","Mozilla/5.0 (Windows NT 10.0; Win64; x64) AppleWebKit/537.36 (KHTML, like Gecko) Chrome/131.0.0.0 Safari/537.36","2024-12-10 01:54:59"),
("30","11","add item","You add an item: braceletttt","","","::1","Mozilla/5.0 (Windows NT 10.0; Win64; x64) AppleWebKit/537.36 (KHTML, like Gecko) Chrome/131.0.0.0 Safari/537.36","2024-12-10 02:14:49"),
("31","11","send offer","You sent an offer: jbl to: exp1","130","","::1","Mozilla/5.0 (Windows NT 10.0; Win64; x64) AppleWebKit/537.36 (KHTML, like Gecko) Chrome/131.0.0.0 Safari/537.36","2024-12-10 02:22:22"),
("32","11","send offer","You sent an offer: speakerr to: exp1","130","","::1","Mozilla/5.0 (Windows NT 10.0; Win64; x64) AppleWebKit/537.36 (KHTML, like Gecko) Chrome/131.0.0.0 Safari/537.36","2024-12-10 02:25:21"),
("33","11","login","Imus, Cavite","","","::1","Mozilla/5.0 (Windows NT 10.0; Win64; x64) AppleWebKit/537.36 (KHTML, like Gecko) Chrome/131.0.0.0 Safari/537.36","2024-12-10 15:10:14"),
("34","15","login","Imus, Cavite","","","::1","Mozilla/5.0 (Windows NT 10.0; Win64; x64) AppleWebKit/537.36 (KHTML, like Gecko) Chrome/131.0.0.0 Safari/537.36","2024-12-10 15:11:54"),
("35","11","login","Imus, Cavite","","","::1","Mozilla/5.0 (Windows NT 10.0; Win64; x64) AppleWebKit/537.36 (KHTML, like Gecko) Chrome/131.0.0.0 Safari/537.36","2024-12-10 15:44:59"),
("36","28","login","Imus, Cavite","","","::1","Mozilla/5.0 (Windows NT 10.0; Win64; x64) AppleWebKit/537.36 (KHTML, like Gecko) Chrome/131.0.0.0 Safari/537.36","2024-12-10 15:46:46"),
("37","15","login","Imus, Cavite","","","::1","Mozilla/5.0 (Windows NT 10.0; Win64; x64) AppleWebKit/537.36 (KHTML, like Gecko) Chrome/131.0.0.0 Safari/537.36","2024-12-10 15:48:00"),
("38","28","login","Imus, Cavite","","","::1","Mozilla/5.0 (Windows NT 10.0; Win64; x64) AppleWebKit/537.36 (KHTML, like Gecko) Chrome/131.0.0.0 Safari/537.36","2024-12-10 15:54:46"),
("39","11","login","Imus, Cavite","","","::1","Mozilla/5.0 (Windows NT 10.0; Win64; x64) AppleWebKit/537.36 (KHTML, like Gecko) Chrome/131.0.0.0 Safari/537.36","2024-12-10 17:07:26"),
("40","27","login","Imus, Cavite","","","::1","Mozilla/5.0 (Windows NT 10.0; Win64; x64) AppleWebKit/537.36 (KHTML, like Gecko) Chrome/131.0.0.0 Safari/537.36","2024-12-10 17:11:07"),
("41","11","plan update","Plan updated with an offer id: 21705855","","19","::1","Mozilla/5.0 (Windows NT 10.0; Win64; x64) AppleWebKit/537.36 (KHTML, like Gecko) Chrome/131.0.0.0 Safari/537.36","2024-12-10 17:26:20"),
("42","27","plan update","Plan updated with an offer id: 21705855","","19","::1","Mozilla/5.0 (Windows NT 10.0; Win64; x64) AppleWebKit/537.36 (KHTML, like Gecko) Chrome/131.0.0.0 Safari/537.36","2024-12-10 17:29:05"),
("43","27","offer reject","Offer rejected with an offer id: 21705855","","19","::1","Mozilla/5.0 (Windows NT 10.0; Win64; x64) AppleWebKit/537.36 (KHTML, like Gecko) Chrome/131.0.0.0 Safari/537.36","2024-12-10 17:36:31"),
("44","11","send offer","You sent an offer: JBL to: exp1","130","","::1","Mozilla/5.0 (Windows NT 10.0; Win64; x64) AppleWebKit/537.36 (KHTML, like Gecko) Chrome/131.0.0.0 Safari/537.36","2024-12-10 17:39:17"),
("45","11","offer reject","Offer rejected with an offer id: 85532472","","20","::1","Mozilla/5.0 (Windows NT 10.0; Win64; x64) AppleWebKit/537.36 (KHTML, like Gecko) Chrome/131.0.0.0 Safari/537.36","2024-12-10 17:39:48"),
("46","11","send offer","You sent an offer: JBL Speaker to: exp1","130","","::1","Mozilla/5.0 (Windows NT 10.0; Win64; x64) AppleWebKit/537.36 (KHTML, like Gecko) Chrome/131.0.0.0 Safari/537.36","2024-12-10 17:48:14"),
("47","27","plan update","Plan updated with an offer id: 49795146","","21","::1","Mozilla/5.0 (Windows NT 10.0; Win64; x64) AppleWebKit/537.36 (KHTML, like Gecko) Chrome/131.0.0.0 Safari/537.36","2024-12-10 17:48:59"),
("48","27","accept offer","Offer accepted with an offer id: 49795146","","21","::1","Mozilla/5.0 (Windows NT 10.0; Win64; x64) AppleWebKit/537.36 (KHTML, like Gecko) Chrome/131.0.0.0 Safari/537.36","2024-12-10 17:48:59"),
("49","11","cancel meetup","Cancelled Meetup rejected with an offer id: 49795146","","21","::1","Mozilla/5.0 (iPhone; CPU iPhone OS 16_6 like Mac OS X) AppleWebKit/605.1.15 (KHTML, like Gecko) Version/16.6 Mobile/15E148 Safari/604.1","2024-12-10 20:04:17"),
("50","11","cancel meetup","Cancelled Meetup rejected with an offer id: 49795146","","21","::1","Mozilla/5.0 (Windows NT 10.0; Win64; x64) AppleWebKit/537.36 (KHTML, like Gecko) Chrome/131.0.0.0 Safari/537.36","2024-12-10 20:07:07"),
("51","11","send offer","You sent an offer: JBL speaker  to: exp1","130","","::1","Mozilla/5.0 (Windows NT 10.0; Win64; x64) AppleWebKit/537.36 (KHTML, like Gecko) Chrome/131.0.0.0 Safari/537.36","2024-12-10 20:32:43"),
("52","27","plan update","Plan updated with an offer id: 39303678","","22","::1","Mozilla/5.0 (Windows NT 10.0; Win64; x64) AppleWebKit/537.36 (KHTML, like Gecko) Chrome/131.0.0.0 Safari/537.36","2024-12-10 20:33:18"),
("53","27","accept offer","Offer accepted with an offer id: 39303678","","22","::1","Mozilla/5.0 (Windows NT 10.0; Win64; x64) AppleWebKit/537.36 (KHTML, like Gecko) Chrome/131.0.0.0 Safari/537.36","2024-12-10 20:33:18"),
("54","27","cancel meetup","Cancelled Meetup rejected with an offer id: 39303678","","22","::1","Mozilla/5.0 (Windows NT 10.0; Win64; x64) AppleWebKit/537.36 (KHTML, like Gecko) Chrome/131.0.0.0 Safari/537.36","2024-12-10 20:39:21"),
("55","11","login","Imus, Cavite","","","::1","Mozilla/5.0 (Windows NT 10.0; Win64; x64) AppleWebKit/537.36 (KHTML, like Gecko) Chrome/131.0.0.0 Safari/537.36","2024-12-10 23:33:56"),
("56","11","favortie add","Sling bag added to favorites","","","::1","Mozilla/5.0 (Windows NT 10.0; Win64; x64) AppleWebKit/537.36 (KHTML, like Gecko) Chrome/131.0.0.0 Safari/537.36","2024-12-10 23:40:59"),
("57","11","add item","You add an item: relo","","","::1","Mozilla/5.0 (Windows NT 10.0; Win64; x64) AppleWebKit/537.36 (KHTML, like Gecko) Chrome/131.0.0.0 Safari/537.36","2024-12-10 23:55:41"),
("58","11","item status","You set an item into pending. Item ID: 81033376","132","","::1","Mozilla/5.0 (Windows NT 10.0; Win64; x64) AppleWebKit/537.36 (KHTML, like Gecko) Chrome/131.0.0.0 Safari/537.36","2024-12-11 00:06:32"),
("59","11","item status","You set an item into available. Item ID: 81033376","132","","::1","Mozilla/5.0 (Windows NT 10.0; Win64; x64) AppleWebKit/537.36 (KHTML, like Gecko) Chrome/131.0.0.0 Safari/537.36","2024-12-11 00:06:35"),
("60","11","item status","You set an item into pending. Item ID: 81033376","132","","::1","Mozilla/5.0 (Windows NT 10.0; Win64; x64) AppleWebKit/537.36 (KHTML, like Gecko) Chrome/131.0.0.0 Safari/537.36","2024-12-11 00:06:50"),
("61","11","item status","You set an item into available. Item ID: 81033376","132","","::1","Mozilla/5.0 (Windows NT 10.0; Win64; x64) AppleWebKit/537.36 (KHTML, like Gecko) Chrome/131.0.0.0 Safari/537.36","2024-12-11 00:07:00"),
("62","11","item status","You deleted an item. Item ID: 81033376","132","","::1","Mozilla/5.0 (Windows NT 10.0; Win64; x64) AppleWebKit/537.36 (KHTML, like Gecko) Chrome/131.0.0.0 Safari/537.36","2024-12-11 00:12:02"),
("63","15","login","Imus, Cavite","","","::1","Mozilla/5.0 (Windows NT 10.0; Win64; x64) AppleWebKit/537.36 (KHTML, like Gecko) Chrome/131.0.0.0 Safari/537.36","2024-12-11 05:57:49"),
("64","27","login","Imus, Cavite","","","::1","Mozilla/5.0 (Windows NT 10.0; Win64; x64) AppleWebKit/537.36 (KHTML, like Gecko) Chrome/131.0.0.0 Safari/537.36","2024-12-11 05:57:59"),
("65","27","item status","You set an item into available. Item ID: 48699315","130","","::1","Mozilla/5.0 (Windows NT 10.0; Win64; x64) AppleWebKit/537.36 (KHTML, like Gecko) Chrome/131.0.0.0 Safari/537.36","2024-12-11 05:58:19"),
("66","15","login","Imus, Cavite","","","::1","Mozilla/5.0 (Windows NT 10.0; Win64; x64) AppleWebKit/537.36 (KHTML, like Gecko) Chrome/131.0.0.0 Safari/537.36","2024-12-11 06:12:27"),
("67","16","login","Imus, Cavite","","","::1","Mozilla/5.0 (Windows NT 10.0; Win64; x64) AppleWebKit/537.36 (KHTML, like Gecko) Chrome/131.0.0.0 Safari/537.36","2024-12-11 06:12:47"),
("68","11","login","Imus, Cavite","","","::1","Mozilla/5.0 (Windows NT 10.0; Win64; x64) AppleWebKit/537.36 (KHTML, like Gecko) Chrome/131.0.0.0 Safari/537.36","2024-12-11 06:16:37"),
("69","11","login","Imus, Cavite","","","::1","Mozilla/5.0 (Windows NT 10.0; Win64; x64) AppleWebKit/537.36 (KHTML, like Gecko) Chrome/131.0.0.0 Safari/537.36","2024-12-11 06:32:31"),
("70","11","add item","You add an item: illegal item","","","::1","Mozilla/5.0 (Windows NT 10.0; Win64; x64) AppleWebKit/537.36 (KHTML, like Gecko) Chrome/131.0.0.0 Safari/537.36","2024-12-11 06:34:32"),
("71","15","login","Imus, Cavite","","","::1","Mozilla/5.0 (Windows NT 10.0; Win64; x64) AppleWebKit/537.36 (KHTML, like Gecko) Chrome/131.0.0.0 Safari/537.36","2024-12-11 06:34:38"),
("72","27","login","Imus, Cavite","","","::1","Mozilla/5.0 (Windows NT 10.0; Win64; x64) AppleWebKit/537.36 (KHTML, like Gecko) Chrome/131.0.0.0 Safari/537.36","2024-12-11 14:26:59"),
("73","11","add item","You add an item: ill","","","::1","Mozilla/5.0 (Windows NT 10.0; Win64; x64) AppleWebKit/537.36 (KHTML, like Gecko) Chrome/131.0.0.0 Safari/537.36","2024-12-11 15:57:02");



DROP TABLE IF EXISTS clicks;

CREATE TABLE `clicks` (
  `click_id` int(11) NOT NULL AUTO_INCREMENT,
  `click_item_id` int(11) DEFAULT NULL,
  `click_user_id` int(11) DEFAULT NULL,
  `click_created_at` datetime NOT NULL DEFAULT current_timestamp(),
  PRIMARY KEY (`click_id`),
  KEY `click_item_id` (`click_item_id`),
  KEY `click_user_id` (`click_user_id`),
  CONSTRAINT `clicks_ibfk_1` FOREIGN KEY (`click_item_id`) REFERENCES `items` (`item_id`) ON DELETE SET NULL,
  CONSTRAINT `clicks_ibfk_2` FOREIGN KEY (`click_user_id`) REFERENCES `users` (`user_id`) ON DELETE SET NULL
) ENGINE=InnoDB AUTO_INCREMENT=250 DEFAULT CHARSET=utf8mb4 COLLATE=utf8mb4_general_ci;

INSERT INTO clicks VALUES("3","12","11","2024-11-13 23:21:20"),
("4","17","15","2024-11-13 23:22:10"),
("5","17","15","2024-11-14 11:23:32"),
("6","16","15","2024-11-14 11:23:39"),
("7","17","15","2024-11-14 11:23:43"),
("8","16","15","2024-11-14 11:23:45"),
("9","17","15","2024-11-14 11:26:46"),
("10","16","15","2024-11-14 11:26:48"),
("11","1","15","2024-11-14 11:36:54"),
("12","8","15","2024-11-14 11:36:59"),
("13","17","15","2024-11-14 11:37:05"),
("14","2","15","2024-11-14 11:37:10"),
("15","3","15","2024-11-14 11:37:12"),
("16","2","15","2024-11-14 11:37:14"),
("17","3","15","2024-11-14 11:37:15"),
("18","2","15","2024-11-14 11:37:16"),
("19","3","15","2024-11-14 11:37:17"),
("20","2","15","2024-11-14 11:37:18"),
("21","3","15","2024-11-14 11:37:20"),
("22","2","15","2024-11-14 11:37:21"),
("23","3","15","2024-11-14 11:37:22"),
("24","16","15","2024-11-14 11:39:19"),
("25","10","15","2024-11-14 11:39:42"),
("26","10","15","2024-11-14 11:39:45"),
("27","10","15","2024-11-14 11:39:47"),
("28","10","15","2024-11-14 11:39:49"),
("29","10","15","2024-11-14 11:39:51"),
("30","10","15","2024-11-14 11:39:52"),
("31","10","15","2024-11-14 11:39:53"),
("32","10","15","2024-11-14 11:39:56"),
("33","10","15","2024-11-14 11:39:57"),
("34","10","15","2024-11-14 11:39:59"),
("35","10","15","2024-11-14 11:40:00"),
("36","10","15","2024-11-14 11:40:02"),
("37","10","15","2024-11-14 11:40:03"),
("38","10","15","2024-11-14 11:40:04"),
("39","17","15","2024-11-14 11:41:12"),
("40","6","16","2024-11-14 11:42:41"),
("41","4","16","2024-11-14 11:42:46"),
("42","4","16","2024-11-14 11:42:48"),
("43","4","16","2024-11-14 11:42:49"),
("44","4","16","2024-11-14 11:42:51"),
("45","4","16","2024-11-14 11:42:52"),
("46","4","16","2024-11-14 11:42:54"),
("47","6","16","2024-11-14 11:44:07"),
("48","4","16","2024-11-14 11:50:10"),
("49","17","15","2024-11-14 11:51:09"),
("50","8","15","2024-11-14 11:51:11"),
("51","17","15","2024-11-14 11:51:12"),
("52","8","15","2024-11-14 11:51:14"),
("53","17","15","2024-11-14 11:51:15"),
("54","8","15","2024-11-14 11:51:16"),
("55","17","15","2024-11-14 11:51:17"),
("56","8","15","2024-11-14 11:51:19"),
("57","17","15","2024-11-14 11:51:20"),
("58","8","15","2024-11-14 11:51:21"),
("59","17","15","2024-11-14 11:51:22"),
("60","8","15","2024-11-14 11:51:24"),
("61","17","15","2024-11-14 11:51:26"),
("62","8","15","2024-11-14 11:51:27"),
("63","17","15","2024-11-14 11:51:28"),
("64","8","15","2024-11-14 11:51:30"),
("65","17","15","2024-11-14 11:51:31"),
("66","8","15","2024-11-14 11:51:32"),
("67","17","15","2024-11-14 11:51:33"),
("68","8","15","2024-11-14 11:51:35"),
("69","13","11","2024-11-16 11:50:15"),
("70","14","11","2024-11-17 17:26:12"),
("71","14","11","2024-11-17 17:27:05"),
("72","14","15","2024-11-17 17:34:17"),
("73","14","15","2024-11-17 18:05:17"),
("74","8","15","2024-11-17 18:05:18"),
("75","14","15","2024-11-17 18:05:21"),
("76","14","15","2024-11-17 18:06:17"),
("77","14","15","2024-11-17 18:06:54"),
("78","8","15","2024-11-17 18:09:46"),
("79","14","15","2024-11-17 18:09:49"),
("80","8","15","2024-11-17 18:10:48"),
("81","14","15","2024-11-17 18:10:50"),
("82","8","15","2024-11-17 18:21:33"),
("83","12","11","2024-11-17 18:29:59"),
("84","12","11","2024-11-17 18:30:01"),
("85","12","11","2024-11-17 18:30:03"),
("86","12","11","2024-11-17 18:30:04"),
("87","12","11","2024-11-17 18:30:06"),
("88","12","11","2024-11-17 18:30:07"),
("89","12","11","2024-11-17 18:30:09"),
("90","12","11","2024-11-17 18:30:11"),
("91","12","11","2024-11-17 18:30:13"),
("92","12","11","2024-11-17 18:30:14"),
("93","12","11","2024-11-17 18:30:16"),
("94","12","11","2024-11-17 18:30:17"),
("95","12","11","2024-11-17 18:30:19"),
("96","12","11","2024-11-17 18:30:21"),
("97","12","11","2024-11-17 18:30:23"),
("98","12","11","2024-11-17 18:30:25"),
("99","12","11","2024-11-17 18:30:28"),
("100","12","11","2024-11-17 18:30:30"),
("101","12","11","2024-11-17 18:30:31"),
("102","12","11","2024-11-17 18:30:33"),
("103","123","16","2024-11-17 21:11:14"),
("104","15","16","2024-11-17 21:15:16"),
("105","4","16","2024-11-17 22:12:12"),
("106","8","23","2024-11-18 17:38:53"),
("107","8","23","2024-11-18 17:38:55"),
("108","8","15","2024-11-24 19:42:32"),
("109","12","11","2024-11-26 20:55:50"),
("110","12","11","2024-11-26 20:56:50"),
("111","124","11","2024-11-26 20:57:53"),
("112","124","11","2024-11-26 20:57:58"),
("113","12","11","2024-11-26 20:58:02"),
("114","124","15","2024-11-26 21:01:30"),
("115","8","15","2024-11-26 21:01:33"),
("116","12","11","2024-11-26 21:03:46"),
("117","13","11","2024-11-26 21:03:48"),
("118","12","11","2024-11-26 21:04:01"),
("119","12","11","2024-11-26 21:05:11"),
("120","13","11","2024-11-26 21:05:13"),
("121","12","11","2024-11-26 21:05:15"),
("122","124","11","2024-11-26 21:05:25"),
("123","12","11","2024-11-27 06:44:42"),
("124","12","11","2024-11-27 16:33:23"),
("125","12","11","2024-11-27 16:35:25"),
("126","12","11","2024-11-27 16:36:27"),
("127","12","11","2024-11-27 16:37:40"),
("128","124","11","2024-11-27 16:37:43"),
("129","124","11","2024-11-27 16:37:46"),
("130","124","11","2024-11-27 16:44:50"),
("131","12","11","2024-12-04 01:55:45"),
("132","12","11","2024-12-04 01:56:02"),
("133","12","11","2024-12-06 14:32:55"),
("134","130","11","2024-12-06 21:00:32"),
("135","12","11","2024-12-06 21:01:25"),
("136","129","27","2024-12-06 21:02:25"),
("137","13","27","2024-12-06 21:02:32"),
("138","130","11","2024-12-06 21:25:23"),
("139","130","11","2024-12-06 21:26:29"),
("140","130","15","2024-12-06 21:44:18"),
("141","130","15","2024-12-06 21:44:51"),
("142","130","16","2024-12-07 00:40:45"),
("143","4","16","2024-12-07 00:49:59"),
("144","130","16","2024-12-07 00:50:18"),
("145","130","16","2024-12-07 01:11:46"),
("146","130","11","2024-12-07 01:29:30"),
("147","130","11","2024-12-07 07:26:14"),
("148","12","11","2024-12-09 22:22:54"),
("149","13","11","2024-12-09 23:24:32"),
("150","14","11","2024-12-09 23:24:39"),
("151","14","11","2024-12-09 23:24:42"),
("152","13","11","2024-12-09 23:24:44"),
("153","124","11","2024-12-09 23:24:48"),
("154","124","11","2024-12-09 23:24:51"),
("155","124","11","2024-12-09 23:24:52"),
("156","124","11","2024-12-09 23:24:53"),
("157","124","11","2024-12-09 23:24:57"),
("158","124","11","2024-12-09 23:24:58"),
("159","124","11","2024-12-09 23:25:00"),
("160","124","11","2024-12-09 23:25:02"),
("161","124","11","2024-12-09 23:25:04"),
("162","124","11","2024-12-09 23:25:05"),
("163","124","11","2024-12-09 23:25:06"),
("164","124","11","2024-12-09 23:25:08"),
("165","124","11","2024-12-09 23:25:09"),
("166","124","11","2024-12-09 23:25:11"),
("167","124","11","2024-12-09 23:25:13"),
("168","124","11","2024-12-09 23:25:14"),
("169","124","11","2024-12-09 23:25:15"),
("170","124","11","2024-12-09 23:25:17"),
("171","130","11","2024-12-09 23:25:22"),
("172","12","11","2024-12-09 23:25:25"),
("173","130","11","2024-12-09 23:32:10"),
("174","130","11","2024-12-09 23:35:40"),
("175","130","11","2024-12-09 23:37:19"),
("176","130","11","2024-12-09 23:38:05"),
("177","124","11","2024-12-09 23:47:24"),
("178","12","11","2024-12-09 23:47:35"),
("179","130","11","2024-12-09 23:47:53"),
("180","124","11","2024-12-09 23:48:06"),
("181","124","11","2024-12-09 23:48:16"),
("182","124","11","2024-12-09 23:48:27"),
("183","130","11","2024-12-10 00:03:21"),
("184","130","11","2024-12-10 00:03:49"),
("185","130","11","2024-12-10 00:04:04"),
("186","130","11","2024-12-10 00:06:36"),
("187","130","11","2024-12-10 00:07:21"),
("188","130","11","2024-12-10 00:07:25"),
("189","130","11","2024-12-10 00:10:00"),
("190","130","11","2024-12-10 00:23:19"),
("191","130","11","2024-12-10 00:24:09"),
("192","130","11","2024-12-10 00:26:12"),
("193","130","11","2024-12-10 00:30:40"),
("194","124","11","2024-12-10 00:31:07"),
("195","130","11","2024-12-10 00:31:24"),
("196","130","11","2024-12-10 00:31:54"),
("197","130","11","2024-12-10 00:32:10"),
("198","124","11","2024-12-10 00:33:01"),
("199","130","11","2024-12-10 00:33:27"),
("200","130","11","2024-12-10 00:34:40"),
("201","14","11","2024-12-10 00:34:42"),
("202","130","11","2024-12-10 00:35:14"),
("203","130","11","2024-12-10 00:35:41"),
("204","130","11","2024-12-10 00:36:19"),
("205","130","11","2024-12-10 00:39:47"),
("206","130","11","2024-12-10 00:42:17"),
("207","130","11","2024-12-10 00:42:48"),
("208","130","11","2024-12-10 00:43:19"),
("209","130","11","2024-12-10 00:43:35"),
("210","130","11","2024-12-10 01:02:45"),
("211","13","11","2024-12-10 01:02:55"),
("212","130","11","2024-12-10 01:05:40"),
("213","130","11","2024-12-10 01:53:40"),
("214","12","11","2024-12-10 01:54:38"),
("215","130","11","2024-12-10 01:54:58"),
("216","130","11","2024-12-10 02:21:58"),
("217","130","11","2024-12-10 02:24:57"),
("218","8","15","2024-12-10 15:12:08"),
("219","8","15","2024-12-10 15:12:46"),
("220","2","15","2024-12-10 15:20:58"),
("221","5","15","2024-12-10 15:22:00"),
("222","5","15","2024-12-10 15:30:13"),
("223","124","15","2024-12-10 15:32:10"),
("224","16","15","2024-12-10 15:43:11"),
("225","1","15","2024-12-10 15:43:24"),
("226","8","15","2024-12-10 15:43:42"),
("227","16","15","2024-12-10 15:44:01"),
("228","5","15","2024-12-10 15:44:09"),
("230","6","15","2024-12-10 15:48:04"),
("231","130","15","2024-12-10 15:49:34"),
("232","123","15","2024-12-10 15:49:38"),
("233","5","15","2024-12-10 15:51:26"),
("234","17","28","2024-12-10 15:59:21"),
("235","130","11","2024-12-10 17:38:56"),
("236","130","11","2024-12-10 17:47:36"),
("237","130","11","2024-12-10 20:31:00"),
("238","130","11","2024-12-10 20:32:12"),
("239","124","11","2024-12-10 23:40:56"),
("240","124","11","2024-12-10 23:40:58"),
("241","130","11","2024-12-11 05:58:55"),
("242","130","15","2024-12-11 06:12:30"),
("243","130","16","2024-12-11 06:13:55"),
("244","130","11","2024-12-11 06:32:33"),
("245","130","11","2024-12-11 06:32:56"),
("246","133","15","2024-12-11 06:34:44"),
("247","133","27","2024-12-11 14:27:40"),
("248","130","11","2024-12-11 15:47:54"),
("249","134","27","2024-12-11 15:57:22");



DROP TABLE IF EXISTS faqs;

CREATE TABLE `faqs` (
  `faq_id` int(11) NOT NULL AUTO_INCREMENT,
  `faq_question` varchar(255) NOT NULL,
  `faq_answer` text NOT NULL,
  `faq_created_at` datetime NOT NULL DEFAULT current_timestamp(),
  PRIMARY KEY (`faq_id`)
) ENGINE=InnoDB AUTO_INCREMENT=4 DEFAULT CHARSET=utf8mb4 COLLATE=utf8mb4_general_ci;

INSERT INTO faqs VALUES("1","What is bartering?","Bartering is the exchange of goods or services without using money.","2024-12-04 00:01:50"),
("2","Is there money involved in bartering?","No, bartering does not involve money. It&#039;s all about exchanging items or services.","2024-12-03 22:04:58");



DROP TABLE IF EXISTS favorites;

CREATE TABLE `favorites` (
  `fav_id` int(11) NOT NULL AUTO_INCREMENT,
  `fav_user_id` int(11) DEFAULT NULL,
  `fav_item_id` int(11) DEFAULT NULL,
  `fav_created_at` datetime NOT NULL DEFAULT current_timestamp(),
  PRIMARY KEY (`fav_id`),
  KEY `fav_user_id` (`fav_user_id`),
  KEY `fav_item_id` (`fav_item_id`),
  CONSTRAINT `favorites_ibfk_1` FOREIGN KEY (`fav_user_id`) REFERENCES `users` (`user_id`) ON DELETE SET NULL,
  CONSTRAINT `favorites_ibfk_2` FOREIGN KEY (`fav_item_id`) REFERENCES `items` (`item_id`) ON DELETE SET NULL
) ENGINE=InnoDB AUTO_INCREMENT=11 DEFAULT CHARSET=utf8mb4 COLLATE=utf8mb4_general_ci;

INSERT INTO favorites VALUES("10","11","124","2024-12-10 23:40:59");



DROP TABLE IF EXISTS items;

CREATE TABLE `items` (
  `item_id` int(11) NOT NULL AUTO_INCREMENT,
  `item_random_id` int(11) NOT NULL,
  `item_user_id` int(11) DEFAULT NULL,
  `item_title` varchar(255) NOT NULL,
  `item_est_val` int(11) NOT NULL,
  `item_url_file` text NOT NULL,
  `item_category` varchar(100) NOT NULL,
  `item_swap_option` varchar(100) NOT NULL,
  `item_condition` varchar(100) NOT NULL,
  `item_description` text DEFAULT NULL,
  `item_lng` double DEFAULT NULL,
  `item_lat` double DEFAULT NULL,
  `item_current_location` text DEFAULT NULL,
  `item_boosted` enum('No','Yes') NOT NULL DEFAULT 'No',
  `item_boost_expire` datetime DEFAULT NULL,
  `item_status` varchar(100) NOT NULL,
  `item_created_at` datetime NOT NULL DEFAULT current_timestamp(),
  `item_flagged` int(11) NOT NULL DEFAULT 0,
  `item_under_review` int(11) NOT NULL DEFAULT 0,
  PRIMARY KEY (`item_id`),
  UNIQUE KEY `item_random_id` (`item_random_id`),
  KEY `item_user_id` (`item_user_id`),
  CONSTRAINT `items_ibfk_1` FOREIGN KEY (`item_user_id`) REFERENCES `users` (`user_id`) ON DELETE SET NULL
) ENGINE=InnoDB AUTO_INCREMENT=135 DEFAULT CHARSET=utf8mb4 COLLATE=utf8mb4_general_ci;

INSERT INTO items VALUES("1","89860281","11","Test","100","2024-09-27-95273-sample-vid.mp4,2024-09-27-46027-Untitled design (12).png","Travel and Luggage","Swap","Used - Fair","Ad corrupti rerum q","120.9199084","14.4238614","Imus, Cavite","Yes","","available","2024-09-27 22:06:52","0","0"),
("2","96157450","11","Laptop","20000","2024-09-28-75135-laptop.jpg","Electronics","Swap","Used - Good","Prefered Cellphone to swap","120.9199084","14.4238614","Imus, Cavite","Yes","","available","2024-09-28 00:26:19","0","0"),
("3","93329531","11","Cellphone","10000","2024-09-28-83991-cellphone.jpg","Electronics","Swap","Used - Like New","My cellphone","120.9199084","14.4238614","Imus, Cavite","Yes","","available","2024-09-28 00:39:48","0","0"),
("4","13628043","11","Kawali","1000","2024-09-28-15297-kawali.jpg","Kitchen and Dining","Swap","Used - Good","Swap sana sa Kaldero","120.9199084","14.4238614","Imus, Cavite","Yes","","available","2024-09-28 00:41:32","0","0"),
("5","35923724","11","Spatula","58","2024-09-28-53915-spatula.jpg","Kitchen and Dining","Swap","Used - Good","Swap sa Sandok","120.9199084","14.4238614","Imus, Cavite","Yes","","available","2024-09-28 01:03:04","0","0"),
("6","10074580","11","Baril","1000","2024-10-12-91496-fakegun.jpg","Antiques","Swap","Used - Good","malaking baril","120.9199084","14.4238614","Imus, Cavite","Yes","","available","2024-10-12 17:15:56","0","0"),
("7","87657376","15","Jacket","999","2024-10-16-38811-jacket.jpg","Clothing and Accessories","Swap","Used - Good","jacket na pink medyo malaki. size L - XL","120.9402271","14.3276733","Dasmarinas, Cavite","No","","completed","2024-10-16 15:39:49","0","0"),
("8","51192823","11","Clothes Donation","5000","2024-10-17-77391-donate.jpg","Clothing and Accessories","Donate","Used - Fair","Decluttering clothes","120.9199084","14.4238614","Imus, Cavite","Yes","","available","2024-10-17 23:46:48","0","0"),
("9","69421687","11","Canned Goods","1000","2024-10-17-80039-canned.jpg","Foods","Donate","New","Canned goods for you","120.9199084","14.4238614","Imus, Cavite","No","","completed","2024-10-17 23:55:05","0","0"),
("10","64260271","11","Drinks","1000","2024-10-17-36651-drinks.jpg","Foods","Donate","New","Drinks for donation","120.9199084","14.4238614","Imus, Cavite","Yes","","pending","2024-10-17 23:57:34","0","0"),
("11","49638630","15","Phone","10000","2024-10-26-94425-iphone.jpg","Electronics","Swap","Used - Good","phone malake","120.9402271","14.3276733","Dasmarinas, Cavite","No","","completed","2024-10-26 12:08:23","0","0"),
("12","83187211","15","Black Shoes","1200","2024-11-01-69649-sapatos.jpg","Clothing and Accessories","Swap","Used - Good","Good quality shoes","120.9402271","14.3276733","Dasmarinas, Cavite","Yes","","available","2024-11-01 19:23:35","0","0"),
("13","72729846","15","Logitech Mouse","2000","2024-11-03-62523-mouse.jpg","Electronics","Swap","Used - Like New","Legit Logitech Mouse","120.9402271","14.3276733","Dasmarinas, Cavite","No","","available","2024-11-03 20:56:46","0","0"),
("14","33439471","16","Gaming Mousepad","1000","2024-11-05-39759-mousepad.jpg","Electronics","Swap","Used - Like New","1 month lang nagamit","120.9199012","14.423851","Imus, Cavite","No","","available","2024-11-05 19:54:37","0","0"),
("15","98829195","11","Food donation","10000","2024-11-12-55515-foods.jpg","Foods","Donate","New","For you","120.9199084","14.4238614","Imus, Cavite","No","","available","2024-11-12 21:11:44","0","0"),
("16","44520408","11","Nike Bag","3000","2024-11-13-89183-nikeebag.jpg","Travel and Luggage","Swap","Used - Like New","Perfect pang laro ng basketball","120.9199084","14.4238614","Imus, Cavite","Yes","2024-11-20 01:13:58","available","2024-11-13 18:27:00","0","0"),
("17","86557510","11","Hakama pants","3000","2024-11-13-99262-hakama.jpg","Clothing and Accessories","Swap","Used - Good","Solid na hakama","120.9199084","14.4238614","Imus, Cavite","Yes","","available","2024-11-13 20:33:15","0","0"),
("123","97973547","11","Cropped Polo","500","2024-11-17-98601-crop-polo.jpg","Clothing and Accessories","Swap","New","Solid to pre!","120.9199084","14.4238614","Imus, Cavite","No","","available","2024-11-17 19:52:33","0","0"),
("124","70287271","16","Sling bag","500","2024-11-17-70573-sling.jpg","Sports and Outdoors","Swap","Used - Good","Sling bag na maliit","120.9199012","14.423851","Imus, Cavite","No","","available","2024-11-17 19:55:51","0","0"),
("129","85246289","11","Vintage Hoodie","1000","2024-12-05-43462-vintage.jpg","Clothing and Accessories","Swap","Used - Like New","vintage hoodie","120.8942592","14.3949824","General Trias, Cavite","No","","available","2024-12-05 12:40:10","0","0"),
("130","48699315","27","exp1","100","2024-12-06-72310-exp1.png","Antiques","Swap","Used - Good","exp1111","120.8844288","14.3785984","General Trias, Cavite","No","","available","2024-12-06 20:59:51","1","0"),
("131","85346373","11","braceletttt","100","2024-12-10-55524-bracelet.jpg","Clothing and Accessories","Swap","Used - Good","bracelettt","120.897536","14.352384","General Trias, Cavite","No","","available","2024-12-10 02:14:49","0","0"),
("132","81033376","11","relo","10000","2024-12-10-13680-watch.jpg","Clothing and Accessories","Swap","Used - Like New","solid","120.9237504","14.3785984","Imus, Cavite","No","","deleted","2024-12-10 23:55:41","0","0"),
("133","80101652","11","illegal item","1000","2024-12-11-36180-illegal.jpg","Collectibles","Swap","Used - Like New","illegal","120.9237504","14.3785984","Imus, Cavite","No","","deleted","2024-12-11 06:34:32","0","0"),
("134","80725702","11","ill","1000","2024-12-11-24076-illegal.jpg","Clothing and Accessories","Swap","Used - Like New","ill","120.930304","14.3818752","Imus, Cavite","No","","available","2024-12-11 15:57:02","1","0");



DROP TABLE IF EXISTS login_logs;

CREATE TABLE `login_logs` (
  `log_id` int(11) NOT NULL AUTO_INCREMENT,
  `user_id` int(11) DEFAULT NULL,
  `ip_address` varchar(45) DEFAULT NULL,
  `location` varchar(255) DEFAULT NULL,
  `login_time` datetime DEFAULT NULL,
  PRIMARY KEY (`log_id`),
  KEY `user_id` (`user_id`),
  CONSTRAINT `login_logs_ibfk_1` FOREIGN KEY (`user_id`) REFERENCES `users` (`user_id`) ON DELETE SET NULL
) ENGINE=InnoDB AUTO_INCREMENT=398 DEFAULT CHARSET=utf8mb4 COLLATE=utf8mb4_general_ci;

INSERT INTO login_logs VALUES("1","11","::1","General Trias, Cavite","2024-09-17 19:29:36"),
("2","11","::1","General Trias, Cavite","2024-09-17 20:01:16"),
("3","11","::1","Imus, Cavite","2024-09-21 10:44:16"),
("4","","::1","Calamba, Laguna","2024-09-21 15:05:59"),
("5","11","::1","General Trias, Cavite","2024-09-25 00:49:16"),
("6","11","::1","General Trias, Cavite","2024-09-25 00:57:49"),
("7","11","::1","General Trias, Cavite","2024-09-27 21:50:38"),
("8","11","::1","Imus, Cavite","2024-09-27 22:39:40"),
("9","11","192.168.254.125","Imus, Cavite","2024-09-28 01:54:52"),
("10","11","::1","General Trias, Cavite","2024-09-28 09:12:14"),
("11","11","::1","Dasmarinas, Cavite","2024-09-28 14:09:05"),
("12","15","::1","Manila, National Capital Region","2024-09-28 14:16:37"),
("13","15","::1","Manila, National Capital Region","2024-09-28 14:19:33"),
("14","11","::1","General Trias, Cavite","2024-09-29 23:05:37"),
("15","15","::1","General Trias, Cavite","2024-09-29 23:08:42"),
("16","16","::1","General Trias, Cavite","2024-09-29 23:28:57"),
("17","11","::1","General Trias, Cavite","2024-09-29 23:33:00"),
("18","15","::1","General Trias, Cavite","2024-09-29 23:33:21"),
("19","15","192.168.254.125","Imus, Cavite","2024-09-30 02:48:46"),
("20","15","::1","Imus, Cavite","2024-09-30 02:53:02"),
("21","16","::1","General Trias, Cavite","2024-09-30 03:45:01"),
("22","15","192.168.254.125","Imus, Cavite","2024-09-30 04:01:45"),
("23","11","::1","General Trias, Cavite","2024-10-01 13:33:39"),
("24","16","::1","Imus, Cavite","2024-10-01 14:24:49"),
("25","11","::1","General Trias, Cavite","2024-10-01 17:04:29"),
("26","16","::1","Imus, Cavite","2024-10-01 17:09:07"),
("27","11","::1","General Trias, Cavite","2024-10-01 17:23:29"),
("28","16","::1","General Trias, Cavite","2024-10-01 18:34:07"),
("29","11","::1","General Trias, Cavite","2024-10-01 18:37:33"),
("30","16","::1","General Trias, Cavite","2024-10-01 18:38:47"),
("31","16","::1","General Trias, Cavite","2024-10-01 21:53:16"),
("32","11","::1","General Trias, Cavite","2024-10-02 21:47:19"),
("33","16","::1","General Trias, Cavite","2024-10-02 23:47:21"),
("34","16","::1","Imus, Cavite","2024-10-03 02:00:10"),
("35","16","::1","General Trias, Cavite","2024-10-03 11:09:07"),
("36","11","::1","General Trias, Cavite","2024-10-03 12:55:33"),
("37","11","192.168.254.125","Imus, Cavite","2024-10-03 22:10:31"),
("38","11","192.168.254.125","Imus, Cavite","2024-10-04 00:17:09"),
("39","11","::1","General Trias, Cavite","2024-10-04 19:51:53"),
("40","11","192.168.254.125","Imus, Cavite","2024-10-04 19:52:29"),
("41","15","::1","Imus, Cavite","2024-10-04 20:16:19"),
("42","11","::1","General Trias, Cavite","2024-10-05 01:42:25"),
("43","11","::1","Imus, Cavite","2024-10-05 04:12:44"),
("44","11","::1","Imus, Cavite","2024-10-05 11:34:23"),
("45","11","::1","General Trias, Cavite","2024-10-05 19:20:44"),
("46","16","::1","General Trias, Cavite","2024-10-05 19:23:11"),
("47","11","::1","General Trias, Cavite","2024-10-05 19:24:48"),
("48","11","::1","General Trias, Cavite","2024-10-05 21:48:12"),
("49","11","::1","General Trias, Cavite","2024-10-06 00:25:46"),
("50","11","::1","General Trias, Cavite","2024-10-06 01:36:19"),
("51","11","::1","Imus, Cavite","2024-10-07 22:14:54"),
("52","11","::1","Imus, Cavite","2024-10-08 12:45:12"),
("53","11","::1","Santa Rosa, Laguna","2024-10-09 20:04:10"),
("54","11","::1","Santa Rosa, Laguna","2024-10-10 10:28:02"),
("55","16","::1","Imus, Cavite","2024-10-10 16:12:45"),
("56","15","::1","Santa Rosa, Laguna","2024-10-10 16:14:18"),
("57","11","::1","Santa Rosa, Laguna","2024-10-10 17:22:20"),
("58","11","192.168.254.125","Imus, Cavite","2024-10-10 17:31:43"),
("59","11","192.168.254.125","Imus, Cavite","2024-10-10 17:39:19"),
("60","15","192.168.254.125","Imus, Cavite","2024-10-10 17:39:35"),
("61","11","::1","Santa Rosa, Laguna","2024-10-11 13:50:12"),
("62","11","192.168.254.125","Imus, Cavite","2024-10-11 14:11:31"),
("63","15","::1","Santa Rosa, Laguna","2024-10-11 15:15:05"),
("64","11","::1","Santa Rosa, Laguna","2024-10-11 15:54:57"),
("65","16","::1","Santa Rosa, Laguna","2024-10-11 15:57:20"),
("66","15","::1","Imus, Cavite","2024-10-11 16:02:14"),
("67","11","::1","Imus, Cavite","2024-10-11 20:05:54"),
("68","11","192.168.254.125","Imus, Cavite","2024-10-11 20:11:07"),
("69","11","192.168.254.125","Imus, Cavite","2024-10-11 20:15:15"),
("70","16","::1","Santa Rosa, Laguna","2024-10-11 22:41:16"),
("71","16","::1","Santa Rosa, Laguna","2024-10-11 22:42:21"),
("72","16","::1","Santa Rosa, Laguna","2024-10-11 22:42:59"),
("73","16","::1","Santa Rosa, Laguna","2024-10-11 22:49:37"),
("74","11","::1","Santa Rosa, Laguna","2024-10-11 22:57:09"),
("75","15","::1","Santa Rosa, Laguna","2024-10-11 23:09:47"),
("76","15","::1","Santa Rosa, Laguna","2024-10-12 01:51:32"),
("77","11","::1","Santa Rosa, Laguna","2024-10-12 01:51:40"),
("78","15","::1","Imus, Cavite","2024-10-12 03:36:31"),
("79","11","::1","Imus, Cavite","2024-10-12 03:38:34"),
("80","15","::1","Santa Rosa, Laguna","2024-10-12 03:39:56"),
("81","11","::1","Imus, Cavite","2024-10-12 03:40:47"),
("82","11","::1","Imus, Cavite","2024-10-12 03:41:22"),
("83","15","::1","Imus, Cavite","2024-10-12 03:41:41"),
("84","15","::1","Santa Rosa, Laguna","2024-10-12 03:50:05"),
("85","15","::1","Imus, Cavite","2024-10-12 11:11:30"),
("86","11","::1","Santa Rosa, Laguna","2024-10-12 11:48:35"),
("87","11","::1","Imus, Cavite","2024-10-12 11:59:33"),
("88","15","::1","Imus, Cavite","2024-10-12 12:08:09"),
("89","11","::1","Imus, Cavite","2024-10-12 12:09:57"),
("90","16","::1","Calamba, Laguna","2024-10-12 17:04:38"),
("91","16","::1","Calamba, Laguna","2024-10-12 17:09:08"),
("92","11","::1","Calamba, Laguna","2024-10-12 17:09:55"),
("93","16","::1","Calamba, Laguna","2024-10-12 17:17:56"),
("94","11","::1","Calamba, Laguna","2024-10-12 17:17:58"),
("95","11","::1","Bauan, Batangas","2024-10-13 23:08:40"),
("96","11","::1","Bauan, Batangas","2024-10-13 23:11:53"),
("97","16","::1","Imus, Cavite","2024-10-14 00:25:45"),
("98","11","::1","Bauan, Batangas","2024-10-14 20:12:24"),
("99","16","::1","Bauan, Batangas","2024-10-14 21:00:24"),
("100","11","::1","Bauan, Batangas","2024-10-15 15:46:10"),
("101","15","::1","Imus, Cavite","2024-10-15 16:19:22"),
("102","16","::1","Bauan, Batangas","2024-10-15 18:10:04"),
("103","15","::1","Bauan, Batangas","2024-10-15 20:15:52"),
("104","16","::1","Bauan, Batangas","2024-10-16 00:02:24"),
("105","11","::1","Imus, Cavite","2024-10-16 15:32:45"),
("106","15","::1","General Trias, Cavite","2024-10-16 15:38:42"),
("107","11","::1","General Trias, Cavite","2024-10-16 15:42:17"),
("108","15","::1","General Trias, Cavite","2024-10-16 15:44:37"),
("109","11","::1","General Trias, Cavite","2024-10-16 15:50:49"),
("110","11","192.168.254.125","Imus, Cavite","2024-10-16 16:01:09"),
("111","15","192.168.254.125","Imus, Cavite","2024-10-16 16:06:45"),
("112","11","::1","General Trias, Cavite","2024-10-16 20:53:29"),
("113","15","::1","General Trias, Cavite","2024-10-16 20:54:37"),
("114","15","192.168.254.125","Imus, Cavite","2024-10-16 20:57:28"),
("115","11","::1","General Trias, Cavite","2024-10-16 20:57:43"),
("116","16","::1","General Trias, Cavite","2024-10-17 00:16:22"),
("117","16","192.168.254.125","Imus, Cavite","2024-10-17 00:26:48"),
("118","11","::1","Imus, Cavite","2024-10-17 16:57:43"),
("119","16","::1","Imus, Cavite","2024-10-17 16:58:34"),
("120","11","192.168.254.125","Imus, Cavite","2024-10-17 17:37:18"),
("121","16","192.168.254.125","Imus, Cavite","2024-10-17 17:47:14"),
("122","15","192.168.254.125","Imus, Cavite","2024-10-17 17:49:00"),
("123","15","192.168.254.125","Imus, Cavite","2024-10-17 22:53:46"),
("124","15","::1","Imus, Cavite","2024-10-17 23:26:15"),
("125","11","::1","Imus, Cavite","2024-10-17 23:38:10"),
("126","11","::1","Imus, Cavite","2024-10-17 23:52:08"),
("127","15","::1","Imus, Cavite","2024-10-17 23:59:21"),
("128","11","::1","Imus, Cavite","2024-10-18 16:49:44"),
("129","15","::1","Imus, Cavite","2024-10-18 16:52:26"),
("130","11","::1","Imus, Cavite","2024-10-18 16:53:25"),
("131","15","::1","Imus, Cavite","2024-10-18 16:56:00"),
("132","11","::1","Imus, Cavite","2024-10-18 16:56:50"),
("133","16","::1","Imus, Cavite","2024-10-18 17:58:03"),
("134","11","192.168.254.125","Imus, Cavite","2024-10-18 20:21:26"),
("135","11","::1","Dasmarinas, Cavite","2024-10-21 16:58:46"),
("136","16","::1","Imus, Cavite","2024-10-22 01:27:29"),
("137","15","::1","Dasmarinas, Cavite","2024-10-22 01:28:43"),
("138","16","::1","Dasmarinas, Cavite","2024-10-22 01:32:10"),
("139","15","192.168.254.125","Imus, Cavite","2024-10-22 01:34:51"),
("140","16","::1","Dasmarinas, Cavite","2024-10-22 02:29:35"),
("141","11","::1","Imus, Cavite","2024-10-22 23:53:30"),
("142","16","::1","Imus, Cavite","2024-10-23 14:10:11"),
("143","11","::1","Imus, Cavite","2024-10-23 17:20:14"),
("144","15","::1","Imus, Cavite","2024-10-23 18:07:53"),
("145","15","::1","Imus, Cavite","2024-10-23 18:15:26"),
("146","15","::1","Imus, Cavite","2024-10-23 18:22:44"),
("147","16","::1","Imus, Cavite","2024-10-23 18:26:22"),
("148","15","::1","Imus, Cavite","2024-10-23 18:28:30"),
("149","16","::1","Imus, Cavite","2024-10-23 23:46:03"),
("150","11","::1","Imus, Cavite","2024-10-24 19:32:01"),
("151","15","192.168.254.125","Imus, Cavite","2024-10-24 19:33:22"),
("152","15","::1","Imus, Cavite","2024-10-24 20:14:57"),
("153","11","::1","Imus, Cavite","2024-10-24 22:32:42"),
("154","16","::1","Imus, Cavite","2024-10-24 22:50:36"),
("155","11","::1","Imus, Cavite","2024-10-24 22:54:21"),
("156","15","::1","Imus, Cavite","2024-10-24 22:55:27"),
("157","16","::1","Imus, Cavite","2024-10-24 22:57:00"),
("158","15","::1","Imus, Cavite","2024-10-24 23:07:55"),
("159","15","::1","Imus, Cavite","2024-10-25 12:24:38"),
("160","11","::1","Imus, Cavite","2024-10-25 12:53:06"),
("161","15","::1","Imus, Cavite","2024-10-25 12:56:00"),
("162","16","192.168.254.125","Imus, Cavite","2024-10-25 12:56:51"),
("163","16","::1","Imus, Cavite","2024-10-25 12:59:58"),
("164","11","::1","Imus, Cavite","2024-10-25 13:06:47"),
("165","15","::1","Imus, Cavite","2024-10-25 13:14:39"),
("166","15","::1","Imus, Cavite","2024-10-25 19:58:03"),
("167","16","::1","Imus, Cavite","2024-10-25 21:03:16"),
("168","11","::1","Imus, Cavite","2024-10-25 21:04:43"),
("169","15","::1","Imus, Cavite","2024-10-25 21:07:34"),
("170","11","::1","Imus, Cavite","2024-10-25 22:53:59"),
("171","15","::1","Imus, Cavite","2024-10-26 01:03:53"),
("172","15","::1","Imus, Cavite","2024-10-26 01:17:25"),
("173","17","::1","Imus, Cavite","2024-10-26 01:18:27"),
("174","11","::1","Imus, Cavite","2024-10-26 01:21:53"),
("175","15","::1","Imus, Cavite","2024-10-26 01:22:06"),
("176","15","::1","Imus, Cavite","2024-10-26 02:20:01"),
("177","11","::1","Imus, Cavite","2024-10-26 02:23:16"),
("178","15","::1","Imus, Cavite","2024-10-26 03:00:30"),
("179","11","::1","Imus, Cavite","2024-10-26 04:03:46"),
("180","15","::1","Imus, Cavite","2024-10-26 04:03:56"),
("181","15","::1","Imus, Cavite","2024-10-26 04:12:25"),
("182","11","::1","Calamba, Laguna","2024-10-26 11:41:00"),
("183","17","::1","Dasmarinas, Cavite","2024-10-26 11:52:00"),
("184","15","::1","Dasmarinas, Cavite","2024-10-26 12:04:03"),
("185","16","::1","Dasmarinas, Cavite","2024-10-26 12:09:21"),
("186","","::1","Dasmarinas, Cavite","2024-10-26 12:28:52"),
("187","","::1","Dasmarinas, Cavite","2024-10-26 12:29:25"),
("188","11","::1","Tanza, Cavite","2024-10-27 10:14:29"),
("189","15","::1","Tanza, Cavite","2024-10-27 10:16:46"),
("190","15","::1","Tanza, Cavite","2024-10-27 10:23:05"),
("191","11","::1","Tanza, Cavite","2024-10-27 13:06:26"),
("192","15","::1","Tanza, Cavite","2024-10-27 13:06:44"),
("193","11","::1","Imus, Cavite","2024-10-28 22:02:45"),
("194","15","::1","Imus, Cavite","2024-10-28 22:10:26"),
("195","17","::1","Imus, Cavite","2024-10-28 22:13:31"),
("196","11","::1","Imus, Cavite","2024-10-28 22:14:14"),
("197","17","::1","Imus, Cavite","2024-10-28 22:15:17"),
("198","15","::1","Imus, Cavite","2024-10-28 22:15:27"),
("199","11","::1","Imus, Cavite","2024-10-31 22:00:29"),
("200","15","::1","Imus, Cavite","2024-11-01 00:08:40"),
("201","15","::1","Imus, Cavite","2024-11-01 01:57:32"),
("202","15","::1","Imus, Cavite","2024-11-01 19:11:06"),
("203","11","::1","Imus, Cavite","2024-11-01 19:42:45"),
("204","11","::1","Imus, Cavite","2024-11-01 19:47:58"),
("205","15","::1","Imus, Cavite","2024-11-01 19:48:05"),
("206","15","192.168.254.125","Imus, Cavite","2024-11-02 00:03:05"),
("207","15","::1","Imus, Cavite","2024-11-03 02:16:49"),
("208","15","::1","Imus, Cavite","2024-11-03 19:08:18"),
("209","11","::1","Imus, Cavite","2024-11-03 19:23:00"),
("210","15","::1","Imus, Cavite","2024-11-03 19:23:32"),
("211","15","192.168.254.125","Imus, Cavite","2024-11-04 00:04:15"),
("212","15","::1","Imus, Cavite","2024-11-04 12:53:09"),
("213","15","::1","Imus, Cavite","2024-11-05 19:51:36"),
("214","16","::1","Imus, Cavite","2024-11-05 19:51:49"),
("215","15","::1","Imus, Cavite","2024-11-05 21:15:15"),
("216","11","::1","Imus, Cavite","2024-11-06 18:21:27"),
("217","15","::1","Imus, Cavite","2024-11-06 18:31:34"),
("218","11","::1","Imus, Cavite","2024-11-06 18:31:55"),
("219","15","::1","Imus, Cavite","2024-11-06 19:08:20"),
("220","11","::1","Imus, Cavite","2024-11-07 14:09:03"),
("221","11","::1","Imus, Cavite","2024-11-07 14:11:03"),
("222","11","::1","Imus, Cavite","2024-11-07 19:17:08"),
("223","15","::1","Imus, Cavite","2024-11-07 19:17:23"),
("224","11","::1","Imus, Cavite","2024-11-07 19:18:17"),
("225","20","::1","Imus, Cavite","2024-11-07 22:38:35"),
("226","11","::1","Imus, Cavite","2024-11-07 22:38:46"),
("227","11","::1","General Trias, Cavite","2024-11-08 10:55:15"),
("228","20","::1","General Trias, Cavite","2024-11-08 15:23:52"),
("229","11","::1","General Trias, Cavite","2024-11-08 16:06:00"),
("230","20","::1","General Trias, Cavite","2024-11-08 18:57:41"),
("231","20","::1","General Trias, Cavite","2024-11-08 19:37:05"),
("232","11","::1","General Trias, Cavite","2024-11-08 20:28:27"),
("233","17","::1","General Trias, Cavite","2024-11-08 21:11:30"),
("234","21","::1","Imus, Cavite","2024-11-08 21:13:24"),
("235","15","::1","General Trias, Cavite","2024-11-08 23:20:46"),
("236","11","::1","General Trias, Cavite","2024-11-08 23:44:23"),
("237","21","::1","General Trias, Cavite","2024-11-09 02:13:17"),
("238","20","::1","General Trias, Cavite","2024-11-09 02:27:28"),
("239","11","::1","General Trias, Cavite","2024-11-09 09:26:44"),
("240","15","::1","General Trias, Cavite","2024-11-09 13:17:24"),
("241","11","::1","Dasmarinas, Cavite","2024-11-09 16:24:40"),
("242","11","::1","General Trias, Cavite","2024-11-10 00:43:02"),
("243","15","::1","Pangil, Laguna","2024-11-10 00:56:00"),
("244","11","::1","Pangil, Laguna","2024-11-10 00:59:51"),
("245","11","::1","Pangil, Laguna","2024-11-10 01:22:54"),
("246","11","::1","General Trias, Cavite","2024-11-10 09:17:19"),
("247","15","::1","General Trias, Cavite","2024-11-10 09:19:06"),
("248","11","::1","Imus, Cavite","2024-11-11 19:42:21"),
("249","15","::1","General Trias, Cavite","2024-11-11 20:32:05"),
("250","11","::1","General Trias, Cavite","2024-11-11 20:38:04"),
("251","15","::1","General Trias, Cavite","2024-11-11 20:38:27"),
("252","11","::1","General Trias, Cavite","2024-11-11 21:43:54"),
("253","11","::1","Imus, Cavite","2024-11-12 17:09:10"),
("254","15","::1","Imus, Cavite","2024-11-12 18:14:42"),
("255","11","::1","Imus, Cavite","2024-11-12 18:16:57"),
("256","15","::1","Imus, Cavite","2024-11-12 18:19:28"),
("257","11","::1","Imus, Cavite","2024-11-12 19:20:56"),
("258","11","::1","Imus, Cavite","2024-11-12 20:23:01"),
("259","11","::1","Imus, Cavite","2024-11-12 20:54:43"),
("260","11","::1","Imus, Cavite","2024-11-12 20:55:21"),
("261","15","::1","Imus, Cavite","2024-11-13 00:53:18"),
("262","15","::1","Imus, Cavite","2024-11-13 01:07:21"),
("263","11","::1","Imus, Cavite","2024-11-13 01:10:14"),
("264","15","::1","Imus, Cavite","2024-11-13 01:10:42"),
("265","15","::1","Imus, Cavite","2024-11-13 01:15:00"),
("266","11","::1","Imus, Cavite","2024-11-13 02:07:26"),
("267","15","::1","Imus, Cavite","2024-11-13 02:11:57"),
("268","11","::1","Imus, Cavite","2024-11-13 17:49:25"),
("269","15","::1","Imus, Cavite","2024-11-13 23:22:06"),
("270","11","::1","Imus, Cavite","2024-11-14 01:01:53"),
("271","11","::1","Imus, Cavite","2024-11-14 02:31:49"),
("272","15","::1","Imus, Cavite","2024-11-14 02:34:40"),
("273","11","::1","Imus, Cavite","2024-11-14 02:36:45"),
("274","11","::1","Imus, Cavite","2024-11-14 02:37:10"),
("275","15","::1","Imus, Cavite","2024-11-14 02:40:05"),
("276","11","::1","Imus, Cavite","2024-11-14 02:56:41"),
("277","11","::1","Imus, Cavite","2024-11-14 03:10:23"),
("278","16","::1","Imus, Cavite","2024-11-14 03:10:45"),
("279","11","::1","Imus, Cavite","2024-11-14 11:23:05"),
("280","15","::1","Imus, Cavite","2024-11-14 11:23:25"),
("281","16","::1","Imus, Cavite","2024-11-14 11:42:24"),
("282","15","::1","Imus, Cavite","2024-11-14 11:50:54"),
("283","11","::1","Imus, Cavite","2024-11-14 13:18:37"),
("284","16","::1","Imus, Cavite","2024-11-14 13:18:51"),
("285","11","::1","Imus, Cavite","2024-11-14 17:31:40"),
("286","15","::1","Imus, Cavite","2024-11-15 00:52:26"),
("287","11","::1","Imus, Cavite","2024-11-15 00:54:41"),
("288","15","::1","Imus, Cavite","2024-11-15 01:18:29"),
("289","15","::1","Imus, Cavite","2024-11-15 01:19:50"),
("290","16","::1","Imus, Cavite","2024-11-15 01:19:58"),
("291","15","::1","Imus, Cavite","2024-11-15 01:20:29"),
("292","16","::1","Imus, Cavite","2024-11-15 01:23:10"),
("293","11","::1","Dasmarinas, Cavite","2024-11-16 11:05:01"),
("294","15","::1","Dasmarinas, Cavite","2024-11-16 11:39:33"),
("295","22","::1","Manila, National Capital Region","2024-11-16 11:41:58"),
("296","11","::1","Manila, National Capital Region","2024-11-16 11:43:19"),
("297","11","::1","Dasmarinas, Cavite","2024-11-16 11:49:55"),
("298","11","::1","General Trias, Cavite","2024-11-17 13:11:53"),
("299","15","::1","General Trias, Cavite","2024-11-17 17:32:43"),
("300","15","192.168.254.125","Imus, Cavite","2024-11-17 18:03:00"),
("301","16","::1","General Trias, Cavite","2024-11-17 18:07:31"),
("302","16","192.168.254.125","Imus, Cavite","2024-11-17 18:07:53"),
("303","15","::1","General Trias, Cavite","2024-11-17 18:09:45"),
("304","11","::1","General Trias, Cavite","2024-11-17 18:29:52"),
("305","11","192.168.254.125","Imus, Cavite","2024-11-17 18:33:59"),
("306","11","::1","Imus, Cavite","2024-11-17 19:22:35"),
("307","11","192.168.254.125","Imus, Cavite","2024-11-17 19:25:20"),
("308","16","::1","General Trias, Cavite","2024-11-17 19:32:44"),
("309","11","::1","General Trias, Cavite","2024-11-17 19:46:59"),
("310","11","::1","Imus, Cavite","2024-11-17 19:48:27"),
("311","15","::1","General Trias, Cavite","2024-11-17 19:51:57"),
("312","16","::1","General Trias, Cavite","2024-11-17 19:53:19"),
("313","16","::1","General Trias, Cavite","2024-11-17 21:30:24"),
("314","11","192.168.254.125","Imus, Cavite","2024-11-17 22:01:01"),
("315","23","::1","General Trias, Cavite","2024-11-18 16:55:34"),
("316","11","::1","General Trias, Cavite","2024-11-18 17:20:00"),
("317","11","::1","General Trias, Cavite","2024-11-18 22:07:36"),
("318","11","::1","General Trias, Cavite","2024-11-24 11:53:11"),
("319","11","::1","General Trias, Cavite","2024-11-24 12:19:33"),
("320","11","::1","Imus, Cavite","2024-11-24 12:24:22"),
("321","15","::1","Imus, Cavite","2024-11-24 19:39:46"),
("322","11","::1","General Trias, Cavite","2024-11-24 20:27:48"),
("323","11","::1","General Trias, Cavite","2024-11-24 23:09:23"),
("324","15","::1","Imus, Cavite","2024-11-25 01:13:00"),
("325","16","::1","General Trias, Cavite","2024-11-25 22:24:40"),
("326","16","::1","General Trias, Cavite","2024-11-25 22:26:05"),
("327","16","::1","General Trias, Cavite","2024-11-25 22:28:36"),
("328","16","::1","General Trias, Cavite","2024-11-25 22:33:53"),
("329","16","::1","General Trias, Cavite","2024-11-26 01:43:41"),
("330","16","::1","Imus, Cavite","2024-11-26 01:48:51"),
("331","16","::1","Imus, Cavite","2024-11-26 01:48:58"),
("332","15","::1","General Trias, Cavite","2024-11-26 01:49:59"),
("333","11","::1","General Trias, Cavite","2024-11-26 01:51:19"),
("334","17","::1","General Trias, Cavite","2024-11-26 01:51:39"),
("335","21","::1","General Trias, Cavite","2024-11-26 01:52:12"),
("336","11","::1","General Trias, Cavite","2024-11-26 02:45:50"),
("337","11","::1","General Trias, Cavite","2024-11-26 02:46:33"),
("338","17","::1","General Trias, Cavite","2024-11-26 02:46:40"),
("339","15","::1","General Trias, Cavite","2024-11-26 02:47:44"),
("340","16","::1","General Trias, Cavite","2024-11-26 02:48:19"),
("341","11","::1","General Trias, Cavite","2024-11-26 02:48:31"),
("342","15","::1","General Trias, Cavite","2024-11-26 02:48:37"),
("343","20","::1","General Trias, Cavite","2024-11-26 02:50:54"),
("344","21","::1","General Trias, Cavite","2024-11-26 02:51:14"),
("345","20","::1","General Trias, Cavite","2024-11-26 03:35:36"),
("346","11","::1","General Trias, Cavite","2024-11-26 20:20:12"),
("347","11","::1","Imus, Cavite","2024-11-26 20:44:43"),
("348","11","::1","Imus, Cavite","2024-11-26 20:45:55"),
("349","11","::1","General Trias, Cavite","2024-11-26 20:46:16"),
("350","15","::1","General Trias, Cavite","2024-11-26 20:51:58"),
("351","11","::1","General Trias, Cavite","2024-11-26 20:52:57"),
("352","15","::1","General Trias, Cavite","2024-11-26 20:59:10"),
("353","11","::1","General Trias, Cavite","2024-11-26 21:03:31"),
("354","15","::1","Imus, Cavite","2024-11-26 21:05:42"),
("355","11","::1","General Trias, Cavite","2024-11-26 21:12:47"),
("356","15","::1","Imus, Cavite","2024-11-26 22:48:58"),
("357","11","::1","General Trias, Cavite","2024-11-26 23:12:46"),
("358","15","::1","General Trias, Cavite","2024-11-26 23:18:48"),
("359","11","::1","General Trias, Cavite","2024-11-26 23:29:48"),
("360","15","::1","Imus, Cavite","2024-11-26 23:33:46"),
("361","15","192.168.254.125","Imus, Cavite","2024-11-26 23:47:53"),
("362","15","::1","General Trias, Cavite","2024-11-26 23:55:11"),
("363","25","::1","General Trias, Cavite","2024-11-27 05:55:40"),
("364","11","::1","General Trias, Cavite","2024-11-27 06:05:43"),
("365","25","::1","General Trias, Cavite","2024-11-27 06:05:51"),
("366","11","::1","General Trias, Cavite","2024-11-27 06:07:58"),
("367","25","::1","General Trias, Cavite","2024-11-27 06:08:12"),
("368","25","::1","Imus, Cavite","2024-11-27 06:20:13"),
("369","11","::1","Imus, Cavite","2024-11-27 06:20:56"),
("370","11","::1","General Trias, Cavite","2024-11-27 16:17:11"),
("371","11","::1","Imus, Cavite","2024-11-27 16:33:21"),
("372","22","::1","General Trias, Cavite","2024-11-29 22:49:25"),
("373","11","::1","Dasmarinas, Cavite","2024-11-30 23:13:01"),
("374","11","::1","Imus, Cavite","2024-12-02 19:55:41"),
("375","25","::1","Imus, Cavite","2024-12-02 23:44:26"),
("376","11","::1","Imus, Cavite","2024-12-02 23:44:37"),
("377","25","::1","Imus, Cavite","2024-12-02 23:45:17"),
("378","25","::1","Imus, Cavite","2024-12-02 23:45:46"),
("379","11","::1","General Trias, Cavite","2024-12-03 20:44:52"),
("380","11","::1","General Trias, Cavite","2024-12-04 01:55:00"),
("381","11","::1","General Trias, Cavite","2024-12-05 01:59:53"),
("382","11","::1","General Trias, Cavite","2024-12-05 11:40:54"),
("383","11","::1","General Trias, Cavite","2024-12-05 16:15:14"),
("384","11","::1","General Trias, Cavite","2024-12-05 21:24:46"),
("385","27","::1","Imus, Cavite","2024-12-06 08:47:58"),
("386","11","::1","General Trias, Cavite","2024-12-06 09:56:30"),
("387","11","::1","General Trias, Cavite","2024-12-06 13:24:50"),
("388","11","::1","Imus, Cavite","2024-12-06 20:48:53"),
("389","27","::1","Imus, Cavite","2024-12-06 20:58:34"),
("390","27","::1","General Trias, Cavite","2024-12-06 20:59:13"),
("391","15","::1","General Trias, Cavite","2024-12-06 21:44:13"),
("392","11","::1","General Trias, Cavite","2024-12-06 21:45:11"),
("393","16","::1","General Trias, Cavite","2024-12-07 00:39:18"),
("394","11","::1","General Trias, Cavite","2024-12-07 01:28:10"),
("395","11","::1","Imus, Cavite","2024-12-07 02:06:18"),
("396","27","::1","General Trias, Cavite","2024-12-07 07:33:10"),
("397","11","::1","Imus, Cavite","2024-12-07 07:51:05");



DROP TABLE IF EXISTS meet_ups;

CREATE TABLE `meet_ups` (
  `meet_up_id` int(11) NOT NULL AUTO_INCREMENT,
  `meet_up_offer_id` int(11) DEFAULT NULL,
  `meet_up_qr_code` int(11) NOT NULL,
  `meet_up_status` varchar(50) NOT NULL DEFAULT 'active',
  `meet_up_cancel_reason` text DEFAULT NULL,
  `meet_up_cancel_sender` text DEFAULT NULL,
  `meet_up_cancel_receiver` text DEFAULT NULL,
  `meet_up_lng` double DEFAULT NULL,
  `meet_up_lat` double DEFAULT NULL,
  `meet_up_loc` varchar(255) DEFAULT NULL,
  `meet_up_date` datetime DEFAULT NULL,
  `meet_up_created_at` datetime NOT NULL DEFAULT current_timestamp(),
  PRIMARY KEY (`meet_up_id`),
  UNIQUE KEY `meet_up_qr_code` (`meet_up_qr_code`),
  KEY `meet_up_offer_id` (`meet_up_offer_id`),
  CONSTRAINT `meet_ups_ibfk_1` FOREIGN KEY (`meet_up_offer_id`) REFERENCES `offers` (`offer_id`) ON DELETE SET NULL
) ENGINE=InnoDB AUTO_INCREMENT=10 DEFAULT CHARSET=utf8mb4 COLLATE=utf8mb4_general_ci;

INSERT INTO meet_ups VALUES("1","4","411298680","active","","","","","","","","2024-10-10 01:36:53"),
("2","7","972700179","active","","","","","","","","2024-10-12 02:54:31"),
("3","9","219021743","active","","","","","","","","2024-10-12 17:21:25"),
("4","10","466561573","completed","","","","120.9198856","14.4238481","Pinatubo Street, Alapan I-A, Imus, Cavite, Calabarzon, 4103, Philippines","2024-10-25 12:58:30","2024-10-22 01:37:41"),
("5","12","731051721","completed","","","","120.9434112","14.385152","Ipil Street, Anabu II-B, Imus, Cavite, Calabarzon, 4103, Philippines","2024-10-24 22:20:55","2024-10-23 18:21:55"),
("6","13","927051086","active","","","","","","","","2024-10-24 23:25:11"),
("7","14","583776826","completed","","","","120.9589699","14.2990183","Pala-Pala Road, Sampaloc 1, Sampaloc, Dasmarias, Cavite, Calabarzon, 4114, Philippines","2024-10-26 12:19:28","2024-10-26 12:17:20"),
("8","21","889100111","cancelled","masyadong maarte","","","","","","","2024-12-10 17:48:59"),
("9","22","155359345","cancelled","Ayoko nyan - Ryan Val Sandagon","","","","","","","2024-12-10 20:33:18");



DROP TABLE IF EXISTS messages;

CREATE TABLE `messages` (
  `message_id` int(11) NOT NULL AUTO_INCREMENT,
  `message_offer_id` int(11) DEFAULT NULL,
  `message_user_id` int(11) DEFAULT NULL,
  `message_message` text DEFAULT NULL,
  `message_url_file` text DEFAULT NULL,
  `message_type` varchar(100) NOT NULL DEFAULT 'normal',
  `message_is_read` int(11) NOT NULL DEFAULT 0,
  `message_created_at` datetime NOT NULL DEFAULT current_timestamp(),
  PRIMARY KEY (`message_id`),
  KEY `message_offer_id` (`message_offer_id`),
  KEY `message_user_id` (`message_user_id`),
  CONSTRAINT `messages_ibfk_1` FOREIGN KEY (`message_offer_id`) REFERENCES `offers` (`offer_id`) ON DELETE SET NULL,
  CONSTRAINT `messages_ibfk_2` FOREIGN KEY (`message_user_id`) REFERENCES `users` (`user_id`) ON DELETE SET NULL
) ENGINE=InnoDB AUTO_INCREMENT=128 DEFAULT CHARSET=utf8mb4 COLLATE=utf8mb4_general_ci;

INSERT INTO messages VALUES("4","4","16","Offer Sent","","offer","1","2024-10-03 02:04:28"),
("5","5","15","Offer Sent","","offer","1","2024-10-04 20:17:04"),
("6","4","11","Let\'s make a plan","","normal","1","2024-10-05 01:55:57"),
("7","4","11","hello","","normal","1","2024-10-07 22:55:15"),
("8","4","11","kumusta po?","","normal","1","2024-10-07 22:55:34"),
("23","5","11","Hi, Where to meet po?","","normal","1","2024-10-07 23:23:57"),
("24","4","11","test","","normal","1","2024-10-08 01:32:12"),
("25","4","11","Plan Updated","","update plan","1","2024-10-09 21:02:48"),
("27","4","11","Offer Accepted","","offer accepted","1","2024-10-10 01:36:53"),
("28","4","11","test","","normal","1","2024-10-10 01:45:41"),
("29","5","11","test","","normal","1","2024-10-10 13:45:34"),
("31","5","11","Offer Rejected","","offer rejected","1","2024-10-10 22:59:48"),
("32","6","15","Offer Sent","","offer","1","2024-10-11 15:21:07"),
("33","6","11","Plan Updated","","update plan","1","2024-10-11 16:10:09"),
("34","6","11","Hello po","","normal","1","2024-10-11 16:13:04"),
("35","6","15","hi po","","normal","1","2024-10-11 19:23:05"),
("36","6","11","Okay na po ba yung date and place of meet up?","","normal","1","2024-10-11 19:23:40"),
("37","6","15","medyo malapit po kasi samin eh. update ko na lang po yung meet up place","","normal","1","2024-10-11 19:28:43"),
("38","6","15","Plan Updated","","update plan","1","2024-10-11 19:39:04"),
("39","6","15","ayan na po","","normal","1","2024-10-11 19:39:23"),
("40","6","11","Sobrang layo naman nyan kuya WAHAHAHAHA","","normal","1","2024-10-11 19:42:33"),
("41","6","15","edi wag","","normal","1","2024-10-11 19:43:58"),
("42","6","15","Offer Rejected","","offer rejected","1","2024-10-11 19:45:12"),
("43","7","15","Offer Sent","","offer","1","2024-10-11 19:53:46"),
("44","7","11","Hi po! Ready to meet up na po?","","normal","1","2024-10-11 20:16:03"),
("45","4","16","hello po Where na po kayo?","","normal","1","2024-10-11 22:45:39"),
("46","4","11","Wait lang po","","normal","1","2024-10-11 23:08:54"),
("47","7","11","Hello po","","normal","1","2024-10-11 23:09:21"),
("48","7","15","Plan Updated","","update plan","1","2024-10-11 23:11:23"),
("49","7","11","Plan Updated","","update plan","1","2024-10-12 02:53:59"),
("50","7","11","Offer Accepted","","offer accepted","1","2024-10-12 02:54:31"),
("51","8","15","Offer Sent","","offer","1","2024-10-12 03:43:23"),
("52","8","11","Hi, Where to meet po?","","normal","1","2024-10-12 03:43:48"),
("53","9","16","Offer Sent","","offer","1","2024-10-12 17:18:48"),
("54","9","11","Ready na po?","","normal","1","2024-10-12 17:20:11"),
("55","9","16","Plan Updated","","update plan","1","2024-10-12 17:20:36"),
("56","9","11","Offer Accepted","","offer accepted","1","2024-10-12 17:21:25"),
("57","8","11","Plan Updated","","update plan","1","2024-10-15 15:46:44"),
("58","8","11","Plan Updated","","update plan","1","2024-10-15 15:50:52"),
("59","8","11","Plan Updated","","update plan","1","2024-10-15 16:22:18"),
("60","8","11","Plan Updated","","update plan","1","2024-10-15 16:22:27"),
("61","8","15","Plan Updated","","update plan","1","2024-10-15 16:22:44"),
("62","8","15","Plan Updated","","update plan","1","2024-10-15 16:23:17"),
("63","4","16","hi","","normal","1","2024-10-15 18:15:54"),
("64","8","11","hi","","normal","1","2024-10-15 18:25:04"),
("65","4","11","hello po","","normal","1","2024-10-15 18:38:49"),
("66","4","16","hi po","","normal","1","2024-10-15 18:40:11"),
("67","4","11","hello po","","normal","1","2024-10-15 18:40:25"),
("68","9","11","hi","","normal","1","2024-10-15 20:12:07"),
("69","4","11","hello po","","normal","1","2024-10-15 20:12:46"),
("70","4","11","hello","","normal","1","2024-10-15 20:14:00"),
("71","4","16","hi po","","normal","1","2024-10-15 20:14:21"),
("72","8","11","Plan Updated","","update plan","1","2024-10-15 20:15:38"),
("73","8","15","hi","","normal","1","2024-10-15 20:33:24"),
("74","8","11","hello","","normal","1","2024-10-15 20:34:00"),
("75","8","15","hi","","normal","1","2024-10-15 21:04:22"),
("76","8","11","hello","","normal","1","2024-10-15 21:07:33"),
("77","10","16","Offer Sent","","offer","1","2024-10-22 01:28:32"),
("78","10","15","hello, let\'s meet po","","normal","1","2024-10-22 01:31:01"),
("79","10","16","sure po","","normal","1","2024-10-22 01:32:17"),
("80","10","15","Plan Updated","","update plan","1","2024-10-22 01:36:07"),
("81","10","16","sige po dyan na lang","","normal","1","2024-10-22 01:37:31"),
("82","10","15","Offer Accepted","","offer accepted","1","2024-10-22 01:37:41"),
("83","11","16","Offer Sent","","offer","1","2024-10-23 18:04:36"),
("84","12","15","Offer Sent","","offer","1","2024-10-23 18:08:25"),
("85","12","11","aww :(. kawawa naman ang mga baby na yan :((","","normal","1","2024-10-23 18:09:46"),
("86","12","11","Plan Updated","","update plan","1","2024-10-23 18:10:16"),
("87","12","15","kaya nga po eh","","normal","1","2024-10-23 18:10:37"),
("88","12","15","sure po sa plan thank you po :)) <3","","normal","1","2024-10-23 18:10:48"),
("89","12","11","Offer Accepted","","offer accepted","1","2024-10-23 18:21:55"),
("90","8","11","test","","normal","1","2024-10-24 22:49:01"),
("91","4","11","test","","normal","1","2024-10-24 22:49:37"),
("92","13","16","Offer Sent","","offer","1","2024-10-24 22:53:02"),
("93","13","16","hello po","","normal","1","2024-10-24 22:53:34"),
("94","13","11","Plan Updated","","update plan","1","2024-10-24 23:25:05"),
("95","13","11","Offer Accepted","","offer accepted","1","2024-10-24 23:25:11"),
("96","14","16","Offer Sent","","offer","1","2024-10-26 12:10:15"),
("97","14","15","Plan Updated","","update plan","1","2024-10-26 12:17:06"),
("98","14","15","Offer Accepted","","offer accepted","1","2024-10-26 12:17:20"),
("99","13","11","test","","normal","1","2024-11-06 18:49:23"),
("100","13","11","test","","normal","1","2024-11-06 18:56:26"),
("101","13","11","hello","","normal","1","2024-11-06 18:56:30"),
("102","4","11","hello","","normal","1","2024-11-06 19:04:47"),
("103","4","11","hi","","normal","1","2024-11-06 19:07:59"),
("104","8","15","hello","","normal","1","2024-11-10 00:57:05"),
("105","8","15","test","","normal","1","2024-11-10 09:19:22"),
("106","8","15","where to meet","","normal","1","2024-11-10 09:19:37"),
("107","8","15","hello world","","normal","1","2024-11-16 11:40:18"),
("108","8","15","hi sir","","normal","1","2024-11-16 11:40:36"),
("109","15","11","Offer Sent","","offer","0","2024-11-27 06:52:33"),
("110","16","11","Offer Sent","","offer","0","2024-12-06 21:01:57"),
("111","17","27","Offer Sent","","offer","0","2024-12-06 21:02:52"),
("112","18","11","Offer Sent","","offer","1","2024-12-10 02:22:22"),
("113","19","11","Offer Sent","","offer","1","2024-12-10 02:25:21"),
("114","19","11","Plan Updated","","update plan","1","2024-12-10 17:26:20"),
("115","19","27","Plan Updated","","update plan","1","2024-12-10 17:29:05"),
("116","19","27","Offer Rejected","","offer rejected","1","2024-12-10 17:36:31"),
("117","20","11","Offer Sent","","offer","1","2024-12-10 17:39:17"),
("118","20","11","Offer Rejected","","offer rejected","1","2024-12-10 17:39:48"),
("119","21","11","Offer Sent","","offer","1","2024-12-10 17:48:14"),
("120","21","27","Plan Updated","","update plan","1","2024-12-10 17:48:59"),
("121","21","27","Offer Accepted","","offer accepted","1","2024-12-10 17:48:59"),
("122","21","11","Offer Rejected","","offer rejected","1","2024-12-10 20:04:17"),
("123","21","11","Offer Rejected","","offer rejected","1","2024-12-10 20:07:07"),
("124","22","11","Offer Sent","","offer","1","2024-12-10 20:32:43"),
("125","22","27","Plan Updated","","update plan","1","2024-12-10 20:33:18"),
("126","22","27","Offer Accepted","","offer accepted","1","2024-12-10 20:33:18"),
("127","22","27","Offer Rejected","","offer rejected","1","2024-12-10 20:39:21");



DROP TABLE IF EXISTS offers;

CREATE TABLE `offers` (
  `offer_id` int(11) NOT NULL AUTO_INCREMENT,
  `offer_random_id` int(11) DEFAULT NULL,
  `offer_item_id` int(11) DEFAULT NULL,
  `offer_user_id` int(11) DEFAULT NULL,
  `offer_title` varchar(255) NOT NULL,
  `offer_est_val` int(11) NOT NULL,
  `offer_url_file` text NOT NULL,
  `offer_category` varchar(100) NOT NULL,
  `offer_condition` varchar(100) NOT NULL,
  `offer_description` text NOT NULL,
  `offer_meet_up_place` varchar(255) DEFAULT NULL,
  `offer_lng` double DEFAULT NULL,
  `offer_lat` double DEFAULT NULL,
  `offer_date_time_meet` datetime DEFAULT NULL,
  `offer_cancelled_reject_reason` text DEFAULT NULL,
  `offer_status` varchar(100) NOT NULL DEFAULT 'pending',
  `offer_created_at` datetime NOT NULL DEFAULT current_timestamp(),
  PRIMARY KEY (`offer_id`),
  UNIQUE KEY `offer_random_id` (`offer_random_id`),
  KEY `offer_item_id` (`offer_item_id`),
  KEY `offer_user_id` (`offer_user_id`),
  CONSTRAINT `offers_ibfk_1` FOREIGN KEY (`offer_item_id`) REFERENCES `items` (`item_id`) ON DELETE SET NULL,
  CONSTRAINT `offers_ibfk_2` FOREIGN KEY (`offer_user_id`) REFERENCES `users` (`user_id`) ON DELETE SET NULL
) ENGINE=InnoDB AUTO_INCREMENT=23 DEFAULT CHARSET=utf8mb4 COLLATE=utf8mb4_general_ci;

INSERT INTO offers VALUES("4","32313611","2","16","Cellphone","20000","2024-10-03-90056-ip2.jpg,2024-10-03-11171-ip1.jpg","Electronics","Used - Good","No Issue at all. Swap please","NCST, Aguinaldo Highway, Zone 4, Poblacion, Dasmarias, Cavite, Calabarzon, 4114, Philippines","120.940092","14.3278906","2024-10-24 19:18:43","","accepted","2024-10-03 02:04:28"),
("5","35509791","4","15","Spatula","100","2024-10-04-12864-spatula.jpg","Kitchen and Dining","Used - Like New","Swap Please! Maganda to","","","","","Lugi po ako sa trade","rejected","2024-10-04 20:17:04"),
("6","94765003","3","15","Airpods","10000","2024-10-11-16747-airpods.jpg","Electronics","Used - Like New","6 monts used lang po","SM City Bacoor, Bacoor, Cavite, Calabarzon, 4102, Philippines","120.95028949981072","14.44458075","2024-10-16 16:10:00","Masyadong Maarte - Billy Joshua Mahinay","rejected","2024-10-11 15:21:07"),
("7","21604444","5","15","Spoon","40","2024-10-11-55394-spoon.jpg","Kitchen and Dining","Used - Good","Malaking Kutsara","NCST, Aguinaldo Highway, Zone 4, Poblacion, Dasmarias, Cavite, Calabarzon, 4114, Philippines","120.940092","14.3278906","2024-10-18 23:11:00","","accepted","2024-10-11 19:53:46"),
("8","83792817","2","15","Cellphone","20000","2024-10-12-85579-ip2.jpg,2024-10-12-76918-ip1.jpg","Electronics","Used - Like New","3 months used pa lang po","NCST, Aguinaldo Highway, Zone 4, Poblacion, Dasmarias, Cavite, Calabarzon, 4114, Philippines","120.940092","14.3278906","2024-10-23 15:46:00","","pending","2024-10-12 03:43:23"),
("9","20739373","6","16","laruan","599","2024-10-12-18228-faketoy.jpg","Antiques","Used - Good","solid na laruan","NCST, Aguinaldo Highway, Zone 4, Poblacion, Dasmarias, Cavite, Calabarzon, 4114, Philippines","120.940092","14.3278906","2024-10-19 17:20:00","","accepted","2024-10-12 17:18:48"),
("10","23774243","7","16","Atomic Habits","899","2024-10-22-97038-atomic.jpg","Books","Used - Like New","Good mindset books","NCST, Aguinaldo Highway, Zone 4, Poblacion, Dasmarias, Cavite, Calabarzon, 4114, Philippines","120.940092","14.3278906","2024-10-25 16:30:00","","accepted","2024-10-22 01:28:32"),
("11","49308734","9","16","For Children","1","2024-10-23-90686-children.jpg","Donation","Donation","These children has nothing to eat","","","","","","pending","2024-10-23 18:04:36"),
("12","17603985","9","15","For dogs","1","2024-10-23-65723-for dogs.jpg","Donation","Donation","these dogs are stray dogs. They have nothing to eat :(","NCST, Aguinaldo Highway, Zone 4, Poblacion, Dasmarias, Cavite, Calabarzon, 4114, Philippines","120.940092","14.3278906","2024-10-30 18:10:00","","accepted","2024-10-23 18:08:25"),
("13","12541671","10","16","For Children","1","2024-10-24-65067-children.jpg","Donation","Donation","These Children has nothing to eat","NCST, Aguinaldo Highway, Zone 4, Poblacion, Dasmarias, Cavite, Calabarzon, 4114, Philippines","120.940092","14.3278906","2024-10-31 23:25:00","","accepted","2024-10-24 22:53:02"),
("14","45525625","11","16","laptop","10000","2024-10-26-57905-laptop.jpg","Electronics","Used - Good","goods na laptop","NCST, Aguinaldo Highway, Zone 4, Poblacion, Dasmarias, Cavite, Calabarzon, 4114, Philippines","120.940092","14.3278906","2024-10-31 12:17:00","","accepted","2024-10-26 12:10:15"),
("15","86564264","12","11","Bracelet","1000","2024-11-27-98196-bracelet.jpg","Clothing and Accessories","Used - Like New","Maganda to promise","","","","","","pending","2024-11-27 06:52:33"),
("16","73198124","12","11","expoffer","100","2024-12-06-39601-exp1.png","Camping Equipment","Used - Like New","expoffer","","","","","","pending","2024-12-06 21:01:57"),
("17","17274758","13","27","expofferrrryan","100","2024-12-06-19988-exp1.png","Camping Equipment","Used - Like New","expofferrryan","","","","","","pending","2024-12-06 21:02:52"),
("18","67808719","130","11","jbl","1000","2024-12-10-94405-jbl.jpg","Electronics","Used - Like New","Speaker","","","","","","pending","2024-12-10 02:22:22"),
("19","21705855","130","11","speakerr","10000","2024-12-10-88604-jbl.jpg","Electronics","Used - Like New","speakerr","SM City Dasmarias, Opp SM City Dasmarias Annex, Sampaloc 1, Sampaloc, Dasmarias, Cavite, Calabarzon, 4114, Philippines","120.9550985","14.301466","2024-12-14 17:26:00","Nothing in particular - Ryan Val Sandagon","rejected","2024-12-10 02:25:21"),
("20","85532472","130","11","JBL","1000","2024-12-10-30553-jbl.jpg","Electronics","Used - Good","isa pang jbl","","","","","Nothing in particular rin - Kane Gerickson Tagay","rejected","2024-12-10 17:39:17"),
("21","49795146","130","11","JBL Speaker","10000","2024-12-10-51023-jbl.jpg","Electronics","Used - Like New","Last JBL","NCST, Aguinaldo Highway, Zone 4, Poblacion, Dasmarias, Cavite, Calabarzon, 4114, Philippines","120.940092","14.3278906","2024-12-21 17:48:00","masyadong maarte - Kane Gerickson Tagay (Cancelled upon meetup)","rejected","2024-12-10 17:48:14"),
("22","39303678","130","11","JBL speaker ","1000","2024-12-10-57030-jbl.jpg","Electronics","Used - Good","Reject mo receiver","NCST, Aguinaldo Highway, Zone 4, Poblacion, Dasmarias, Cavite, Calabarzon, 4114, Philippines","120.940092","14.3278906","2024-12-20 20:33:00","Ayoko nyan - Ryan Val Sandagon (Cancelled upon meetup)","rejected","2024-12-10 20:32:43");



DROP TABLE IF EXISTS payments;

CREATE TABLE `payments` (
  `payment_id` int(11) NOT NULL AUTO_INCREMENT,
  `payment_random_id` varchar(100) DEFAULT NULL,
  `payment_user_id` int(11) DEFAULT NULL,
  `payment_item_id` int(11) DEFAULT NULL,
  `payment_link_id` varchar(11) DEFAULT NULL,
  `payment_ref_link` varchar(200) DEFAULT NULL,
  `payment_ref_num` varchar(255) DEFAULT NULL,
  `payment_amount` double DEFAULT NULL,
  `payment_paid_type` varchar(100) DEFAULT NULL,
  `payment_type` varchar(100) DEFAULT NULL,
  `payment_num` int(11) DEFAULT NULL,
  `payment_paid_at` datetime DEFAULT NULL,
  `payment_status` varchar(100) NOT NULL DEFAULT 'unpaid',
  `payment_created_at` datetime NOT NULL DEFAULT current_timestamp(),
  PRIMARY KEY (`payment_id`),
  KEY `payment_user_id` (`payment_user_id`),
  KEY `payment_item_id` (`payment_item_id`),
  CONSTRAINT `payments_ibfk_1` FOREIGN KEY (`payment_user_id`) REFERENCES `users` (`user_id`) ON DELETE SET NULL,
  CONSTRAINT `payments_ibfk_2` FOREIGN KEY (`payment_item_id`) REFERENCES `items` (`item_id`) ON DELETE SET NULL
) ENGINE=InnoDB AUTO_INCREMENT=22 DEFAULT CHARSET=utf8mb4 COLLATE=utf8mb4_general_ci;

INSERT INTO payments VALUES("1","","15","12","link_DV1xqp","https://pm.link/Bart-Gain-Online-123/test/hxpU4Nc","hxpU4Nc","120","gcash","boost","5","2024-11-03 20:41:55","paid","2024-11-03 03:04:07"),
("2","","15","13","link_grKio7","https://pm.link/Bart-Gain-Online-123/test/TcqZmmM","TcqZmmM","180","","boost","7","","unpaid","2024-11-03 20:56:58"),
("3","","15","","link_gJ9k44","https://pm.link/Bart-Gain-Online-123/test/1ZsjyNh","1ZsjyNh","300","gcash","premium","1","2024-11-04 00:00:26","paid","2024-11-03 23:48:48"),
("4","","16","14","link_zvrVzg","https://pm.link/Bart-Gain-Online-123/test/Ct2iGBg","Ct2iGBg","360","","boost","15","","unpaid","2024-11-05 19:55:11"),
("5","","11","10","link_aJZuXn","https://pm.link/Bart-Gain-Online-123/test/59QoYF6","59QoYF6","360","gcash","boost","15","2024-11-10 00:50:16","paid","2024-11-10 00:48:03"),
("6","","11","8","link_hdfwbL","https://pm.link/Bart-Gain-Online-123/test/9cygELZ","9cygELZ","180","gcash","boost","7","2024-11-10 09:22:53","paid","2024-11-10 09:21:56"),
("7","","11","17","link_unv7by","https://pm.link/Bart-Gain-Online-123/test/nh5ibXz","nh5ibXz","360","gcash","boost","15","2024-11-13 22:38:59","paid","2024-11-13 22:36:43"),
("8","","11","16","link_bkRsiS","https://pm.link/Bart-Gain-Online-123/test/ikF7utJ","ikF7utJ","120","gcash","boost","5","2024-11-15 01:13:58","paid","2024-11-15 00:54:50"),
("9","","15","","link_1Ae5e9","https://pm.link/Bart-Gain-Online-123/test/SSAUmnb","SSAUmnb","855","gcash","premium","3","2024-11-15 01:21:28","paid","2024-11-15 01:20:48"),
("19","","16","124","link_aPqcvf","https://pm.link/Bart-Gain-Online-123/test/VumppY4","VumppY4","120","","boost","5","","unpaid","2024-11-17 21:39:55"),
("20","","16","124","link_knP7pS","https://pm.link/Bart-Gain-Online-123/test/Q8WoPi8","Q8WoPi8","120","","boost","5","","unpaid","2024-11-17 21:40:11"),
("21","","16","124","link_R8YeEA","https://pm.link/Bart-Gain-Online-123/test/TVgBL4e","TVgBL4e","120","","boost","5","","unpaid","2024-11-17 21:41:03");



DROP TABLE IF EXISTS ratings;

CREATE TABLE `ratings` (
  `rate_id` int(11) NOT NULL AUTO_INCREMENT,
  `rate_random_id` int(11) DEFAULT NULL,
  `rate_meet_up_id` int(11) DEFAULT NULL,
  `rate_user_id` int(11) DEFAULT NULL,
  `rate_by_user_id` int(11) DEFAULT NULL,
  `rate_ratings` int(11) DEFAULT NULL,
  `rate_feedback` text DEFAULT NULL,
  `rate_date` datetime DEFAULT NULL,
  `rate_status` varchar(50) NOT NULL DEFAULT 'pending',
  `rate_created_at` datetime NOT NULL DEFAULT current_timestamp(),
  PRIMARY KEY (`rate_id`),
  UNIQUE KEY `rate_random_id` (`rate_random_id`),
  KEY `rate_meet_up_id` (`rate_meet_up_id`),
  KEY `rate_user_id` (`rate_user_id`),
  KEY `rate_by_user_id` (`rate_by_user_id`),
  CONSTRAINT `ratings_ibfk_1` FOREIGN KEY (`rate_meet_up_id`) REFERENCES `meet_ups` (`meet_up_id`) ON DELETE SET NULL,
  CONSTRAINT `ratings_ibfk_2` FOREIGN KEY (`rate_user_id`) REFERENCES `users` (`user_id`) ON DELETE SET NULL,
  CONSTRAINT `ratings_ibfk_3` FOREIGN KEY (`rate_by_user_id`) REFERENCES `users` (`user_id`) ON DELETE SET NULL
) ENGINE=InnoDB AUTO_INCREMENT=7 DEFAULT CHARSET=utf8mb4 COLLATE=utf8mb4_general_ci;

INSERT INTO ratings VALUES("1","20428331","5","11","15","5","perfect kausap","2024-10-29 02:23:56","completed","2024-10-24 22:20:55"),
("2","25971129","5","15","11","","","","pending","2024-10-24 22:20:55"),
("3","23453897","4","15","16","5","Sobrang bait po nya kausap <3","2024-10-25 13:21:49","completed","2024-10-25 12:58:30"),
("4","63944622","4","16","15","4","Sobrang dali kausap!","2024-10-25 13:21:49","completed","2024-10-25 12:58:30"),
("5","91114284","7","15","16","4","maganda kausap","2024-10-26 12:19:28","completed","2024-10-26 12:19:28"),
("6","48506580","7","16","15","","","","pending","2024-10-26 12:19:28");



DROP TABLE IF EXISTS report_items;

CREATE TABLE `report_items` (
  `report_id` int(11) NOT NULL AUTO_INCREMENT,
  `report_item_id` int(11) DEFAULT NULL,
  `report_user_id` int(11) DEFAULT NULL,
  `report_category` varchar(255) NOT NULL,
  `report_created_at` datetime NOT NULL DEFAULT current_timestamp(),
  `report_review` int(11) NOT NULL DEFAULT 0,
  PRIMARY KEY (`report_id`),
  KEY `report_item_id` (`report_item_id`),
  KEY `report_user_id` (`report_user_id`),
  CONSTRAINT `report_items_ibfk_1` FOREIGN KEY (`report_item_id`) REFERENCES `items` (`item_id`) ON DELETE SET NULL,
  CONSTRAINT `report_items_ibfk_2` FOREIGN KEY (`report_user_id`) REFERENCES `users` (`user_id`) ON DELETE SET NULL
) ENGINE=InnoDB AUTO_INCREMENT=11 DEFAULT CHARSET=utf8mb4 COLLATE=utf8mb4_general_ci;

INSERT INTO report_items VALUES("1","130","11","Nudity","2024-12-11 06:12:08","0"),
("2","130","15","Nudity","2024-12-11 06:12:38","0"),
("3","130","16","Illegal","2024-12-11 06:14:03","0"),
("4","130","11","Illegal","2024-12-11 06:33:02","0"),
("5","133","15","Illegal","2024-12-11 06:34:49","0"),
("6","133","15","Illegal","2024-12-11 06:34:52","0"),
("7","133","15","Nudity","2024-12-11 06:34:54","0"),
("8","133","15","Illegal","2024-12-11 06:59:36","0"),
("9","134","27","Illegal","2024-12-11 15:57:56","0"),
("10","134","27","Illegal","2024-12-11 15:57:59","0");



DROP TABLE IF EXISTS ticket_responses;

CREATE TABLE `ticket_responses` (
  `t_response_id` int(11) NOT NULL AUTO_INCREMENT,
  `t_response_ticket_id` int(11) DEFAULT NULL,
  `t_response_user_id` int(11) DEFAULT NULL,
  `t_response_message` text NOT NULL,
  `t_response_type` varchar(50) DEFAULT NULL,
  `t_response_created_at` datetime NOT NULL DEFAULT current_timestamp(),
  PRIMARY KEY (`t_response_id`),
  KEY `t_response_user_id` (`t_response_user_id`),
  KEY `t_response_ticket_id` (`t_response_ticket_id`),
  CONSTRAINT `ticket_responses_ibfk_1` FOREIGN KEY (`t_response_user_id`) REFERENCES `users` (`user_id`) ON DELETE SET NULL,
  CONSTRAINT `ticket_responses_ibfk_2` FOREIGN KEY (`t_response_ticket_id`) REFERENCES `tickets` (`ticket_id`) ON DELETE SET NULL
) ENGINE=InnoDB AUTO_INCREMENT=11 DEFAULT CHARSET=utf8mb4 COLLATE=utf8mb4_general_ci;

INSERT INTO ticket_responses VALUES("6","4","11","hello po","admin","2024-12-05 15:47:42"),
("7","3","11","We are currently fixing the issue","admin","2024-12-05 15:54:03"),
("8","4","11","test again","admin","2024-12-05 21:23:31"),
("9","4","11","test","user","2024-12-05 21:24:56"),
("10","4","11","admin ako","admin","2024-12-05 21:25:23");



DROP TABLE IF EXISTS tickets;

CREATE TABLE `tickets` (
  `ticket_id` int(11) NOT NULL AUTO_INCREMENT,
  `ticket_random_id` varchar(100) NOT NULL,
  `ticket_user_id` int(11) DEFAULT NULL,
  `ticket_subject` varchar(255) NOT NULL,
  `ticket_description` text NOT NULL,
  `ticket_url_file` text DEFAULT NULL,
  `ticket_status` varchar(50) NOT NULL DEFAULT 'open',
  `ticket_created_at` datetime NOT NULL DEFAULT current_timestamp(),
  PRIMARY KEY (`ticket_id`),
  KEY `ticket_user_id` (`ticket_user_id`),
  CONSTRAINT `tickets_ibfk_1` FOREIGN KEY (`ticket_user_id`) REFERENCES `users` (`user_id`) ON DELETE SET NULL
) ENGINE=InnoDB AUTO_INCREMENT=6 DEFAULT CHARSET=utf8mb4 COLLATE=utf8mb4_general_ci;

INSERT INTO tickets VALUES("3","44414457","11","Ticket Test","Ticket Test","2024-12-05-25464-ticket.png","open","2024-12-05 12:48:10"),
("4","31483770","11","Something went wrong","It is so beatiful!!","2024-12-05-99068-ticket2.png,2024-12-05-32381-ticket1.png","closed","2024-12-05 14:46:23"),
("5","62771631","11","Test without photos","no photo","","closed","2024-12-05 14:48:52");



DROP TABLE IF EXISTS user_notifications;

CREATE TABLE `user_notifications` (
  `user_notification_id` int(11) NOT NULL AUTO_INCREMENT,
  `user_notification_user_id` int(11) DEFAULT NULL,
  `user_notification_by_user_id` int(11) DEFAULT NULL,
  `user_notification_verification_random_id` varchar(100) DEFAULT NULL,
  `user_notification_message` text NOT NULL,
  `user_notification_type` varchar(50) NOT NULL,
  `user_notification_is_read` int(11) NOT NULL DEFAULT 0,
  `user_notification_created_at` datetime NOT NULL DEFAULT current_timestamp(),
  PRIMARY KEY (`user_notification_id`),
  KEY `user_notification_user_id` (`user_notification_user_id`),
  KEY `user_notification_by_user_id` (`user_notification_by_user_id`),
  CONSTRAINT `user_notifications_ibfk_1` FOREIGN KEY (`user_notification_user_id`) REFERENCES `users` (`user_id`) ON DELETE SET NULL,
  CONSTRAINT `user_notifications_ibfk_2` FOREIGN KEY (`user_notification_by_user_id`) REFERENCES `users` (`user_id`) ON DELETE SET NULL
) ENGINE=InnoDB AUTO_INCREMENT=63 DEFAULT CHARSET=utf8mb4 COLLATE=utf8mb4_general_ci;

INSERT INTO user_notifications VALUES("4","11","16","","Yuding Ahn sent an offer","offer","1","2024-10-03 02:04:28"),
("5","11","15","","Billy Joshua Mahinay sent an offer","offer","1","2024-10-04 20:17:04"),
("7","16","11","","Kane Gerickson Tagay accepted your offer Cellphone","offer accepted","0","2024-10-10 01:36:53"),
("9","15","11","","Kane Gerickson Tagay rejected your offer Spatula","offer rejected","0","2024-10-10 22:59:48"),
("10","11","15","","Billy Joshua Mahinay sent an offer","offer","1","2024-10-11 15:21:07"),
("11","15","15","","Billy Joshua Mahinay rejected your offer Airpods","offer rejected","0","2024-10-11 19:45:12"),
("12","11","15","","Billy Joshua Mahinay sent an offer","offer","1","2024-10-11 19:53:46"),
("13","15","11","","Kane Gerickson Tagay accepted your offer Spoon","offer accepted","0","2024-10-12 02:54:31"),
("14","11","15","","Billy Joshua Mahinay sent an offer","offer","1","2024-10-12 03:43:23"),
("15","11","16","","Yuding Ahn sent an offer","offer","1","2024-10-12 17:18:48"),
("16","16","11","","Kane Gerickson Tagay accepted your offer laruan","offer accepted","0","2024-10-12 17:21:25"),
("17","15","16","","Yuding Ahn sent an offer","offer","0","2024-10-22 01:28:32"),
("18","16","15","","Billy Joshua Mahinay accepted your offer Atomic Habits","offer accepted","0","2024-10-22 01:37:41"),
("19","11","16","","Yuding Ahn sent an offer","offer","1","2024-10-23 18:04:36"),
("20","11","15","","Billy Joshua Mahinay sent an offer","offer","1","2024-10-23 18:08:25"),
("21","15","11","","Kane Gerickson Tagay accepted your offer For dogs","offer accepted","0","2024-10-23 18:21:55"),
("22","11","15","","BARTER COMPLETE WITH Billy Joshua Mahinay","barter complete","1","2024-10-24 22:20:55"),
("23","15","11","","BARTER COMPLETE WITH Kane Gerickson Tagay","barter complete","1","2024-10-24 22:20:55"),
("24","11","16","","Yuding Ahn sent an offer","offer","1","2024-10-24 22:53:02"),
("25","16","11","","Kane Gerickson Tagay accepted your offer For Children","offer accepted","0","2024-10-24 23:25:11"),
("26","15","16","","BARTER COMPLETE WITH Yuding Ahn","barter complete","0","2024-10-25 12:58:30"),
("27","16","15","","BARTER COMPLETE WITH Billy Joshua Mahinay","barter complete","0","2024-10-25 12:58:30"),
("28","16","15","","Billy Joshua Mahinay rated you with 4 star","rate complete","0","2024-10-25 21:02:24"),
("29","15","16","","Yuding Ahn rated you with 5 star","rate complete","1","2024-10-25 21:04:34"),
("30","15","16","","Yuding Ahn sent an offer","offer","0","2024-10-26 12:10:15"),
("31","16","15","","Billy Joshua Mahinay accepted your offer laptop","offer accepted","0","2024-10-26 12:17:20"),
("32","15","16","","BARTER COMPLETE WITH Yuding Ahn","barter complete","1","2024-10-26 12:19:28"),
("33","16","15","","BARTER COMPLETE WITH Billy Joshua Mahinay","barter complete","0","2024-10-26 12:19:28"),
("34","15","16","","Yuding Ahn rated you with 4 star","rate complete","1","2024-10-26 12:21:55"),
("35","11","15","","Billy Joshua Mahinay rated you with 5 star","rate complete","1","2024-10-29 02:23:56"),
("38","20","11","672df8279ddd5","Verification accepted! You can now find your best trading partner!","verification accepted","1","2024-11-09 01:35:14"),
("39","21","11","672e0ea9674b3","Verification rejected.","verification rejected","1","2024-11-09 02:08:22"),
("40","22","11","6738152f817a3","Verification rejected.","verification rejected","0","2024-11-16 11:47:14"),
("41","15","11","","Kane Gerickson Tagay sent an offer","offer","0","2024-11-27 06:52:33"),
("42","27","11","6752599a39fb6","Verification accepted! You can now find your best trading partner!","verification accepted","1","2024-12-06 20:58:57"),
("43","15","11","","Kane Gerickson Tagay sent an offer","offer","0","2024-12-06 21:01:57"),
("44","15","27","","Ryan Val Sandagon sent an offer","offer","0","2024-12-06 21:02:52"),
("45","15","11","6756e4010d92b","Verification rejected.","verification rejected","0","2024-12-09 20:57:44"),
("46","27","11","","Kane Gerickson Tagay sent an offer","offer","1","2024-12-10 02:22:22"),
("47","27","11","","Kane Gerickson Tagay sent an offer","offer","1","2024-12-10 02:25:21"),
("48","11","27","","Ryan Val Sandagon rejected your offer speakerr","offer rejected","1","2024-12-10 17:36:31"),
("49","27","11","","Kane Gerickson Tagay sent an offer","offer","1","2024-12-10 17:39:17"),
("50","11","11","","Kane Gerickson Tagay rejected your offer JBL","offer rejected","1","2024-12-10 17:39:48"),
("51","27","11","","Kane Gerickson Tagay sent an offer","offer","1","2024-12-10 17:48:14"),
("52","11","27","","Ryan Val Sandagon accepted your offer JBL Speaker","offer accepted","1","2024-12-10 17:48:59"),
("53","11","11","","Kane Gerickson Tagay rejected your offer JBL Speaker","offer rejected","1","2024-12-10 20:04:17"),
("54","11","11","","Kane Gerickson Tagay rejected your offer JBL Speaker","offer rejected","1","2024-12-10 20:07:07"),
("55","27","11","","Kane Gerickson Tagay sent an offer","offer","1","2024-12-10 20:32:43"),
("56","11","27","","Ryan Val Sandagon accepted your offer JBL speaker ","offer accepted","1","2024-12-10 20:33:18"),
("57","11","27","","Ryan Val Sandagon rejected your offer JBL speaker ","offer rejected","1","2024-12-10 20:39:21"),
("58","27","11","","Your item : exp1 item id: 48699315 was flagged as Illegal","item flagged","1","2024-12-11 14:12:35"),
("61","11","11","","Your item : illegal item item id: 80101652 has been removed due to a violation of community standards under the category: Illegal","item deleted","1","2024-12-11 15:01:38"),
("62","11","11","","Your item : ill item id: 80725702 was flagged as Illegal","item flagged","0","2024-12-11 15:58:01");



DROP TABLE IF EXISTS users;

CREATE TABLE `users` (
  `user_id` int(11) NOT NULL AUTO_INCREMENT,
  `user_random_id` int(11) DEFAULT NULL,
  `role_id` int(11) NOT NULL,
  `fullname` varchar(100) NOT NULL,
  `birth_date` date DEFAULT NULL,
  `profile_picture` varchar(255) DEFAULT NULL,
  `email` varchar(100) NOT NULL,
  `password` varchar(255) NOT NULL,
  `user_contact` varchar(50) DEFAULT NULL,
  `user_contact_emergency` varchar(50) DEFAULT NULL,
  `address` text DEFAULT NULL,
  `current_location` text DEFAULT NULL,
  `lng` double DEFAULT NULL,
  `lat` double DEFAULT NULL,
  `email_verification` int(11) NOT NULL DEFAULT 0,
  `verified` enum('Y','N') NOT NULL DEFAULT 'N',
  `user_is_prem` varchar(100) NOT NULL DEFAULT 'No',
  `user_prem_expire` datetime DEFAULT NULL,
  `user_rating` int(11) NOT NULL DEFAULT 0,
  `user_rate_count` int(11) NOT NULL DEFAULT 0,
  `user_status` varchar(100) NOT NULL DEFAULT 'active',
  `user_ban_exp` datetime DEFAULT NULL,
  `user_created_at` datetime NOT NULL DEFAULT current_timestamp(),
  PRIMARY KEY (`user_id`),
  UNIQUE KEY `email` (`email`),
  UNIQUE KEY `user_random_id` (`user_random_id`)
) ENGINE=InnoDB AUTO_INCREMENT=29 DEFAULT CHARSET=utf8mb4 COLLATE=utf8mb4_general_ci;

INSERT INTO users VALUES("11","660960590","2","Kane Gerickson Tagay","2001-08-18","2024-11-27-51282-my-pp.jpg","kanetagay5@gmail.com","$2y$12$yWsNFZjJlYNrK7H24uB6Y.yGZmtjuNj9QeomBh9gQmzMP68IrLjyW","0966 451 1551","0948 216 3305","Bllk E, Lot 21, ACM Woodstock Homes Alapan 1-A Imus, Cavite","Imus, Cavite","120.9237504","14.3785984","1","Y","No","","5","1","active","","2024-09-16 21:18:23"),
("15","239769692","1","Billy Joshua Mahinay","2000-10-06","2024-11-13-26664-billy.jpg","billyjoshuamahinay@gmail.com","$2y$12$e.4cnIWI4rPUk9j76yiqN.Dzm9PWJNYGofuwzK9bPaj2CLCSnDJwC","09123456789","09123456789","Dasma Cavite","Imus, Cavite","120.9237504","14.3785984","1","Y","Yes","2025-02-15 01:21:28","9","2","active","","2024-09-28 14:12:20"),
("16","614598451","1","Yuding Ahn","2001-08-18","","yudingahn5@gmail.com","$2y$12$rKU3QkNktfVyANhM5L/MP.1kgR4yZsyoPbFBeeETKQ4kCel9kPVaS","","","Imus, Cavite","Imus, Cavite","120.9237504","14.3785984","1","Y","No","","4","1","active","","2024-09-29 23:28:20"),
("17","351762433","1","Mori Jin","2001-08-18","","morijin0109@gmail.com","$2y$12$7lLvY1EPmUgtusoFQXNsM.Y5svYKNDd.IcVUJJxi647323KModg5S","","","Imus, Cavite","Imus, Cavite","120.9434112","14.385152","1","Y","No","","0","0","active","","2024-10-26 01:12:46"),
("18","191999412","1","Billy Joshua Mahinay","","","mahinay.billyjoshua@ncst.edu.ph","$2y$12$DgBjYvZ1CPKLEYcz/IEd8.55MQVDA35ck/r7OGyMsqr7kqudvbXha","","","","Dasmarinas, Cavite","120.9406239","14.3272907","0","N","No","","0","0","active","","2024-10-26 11:47:20"),
("20","652273631","1","Ahn Yudaengz","2000-10-10","","Ahnyudaengz5@gmail.com","$2y$12$rY2MY7Tqvt/nR8S3XUFRtOVSLFJLD2aZbydUjFj.RWntCWizNxD0C","","","Imus, Cavite","Imus, Cavite","120.930304","14.3818752","1","Y","No","","0","0","active","","2024-11-07 22:38:06"),
("21","810886913","1","Kane Gerickson Tagay","","","tagay.kanegerickson@ncst.edu.ph","$2y$12$5gIp/WSgFhsHg13ftVr1qOfXOiMfsAiojz/ropnbIt.8hZjFhVUBm","","","","General Trias, Cavite","120.897536","14.3753216","1","Y","No","","0","0","active","","2024-11-08 21:12:46"),
("22","192124858","1","Sherwin Eguna","2001-04-04","","angelineabad03@gmail.com","$2y$10$BrCv.Uu.s18szaxvPbZ3ou/uSdBsoiZFd8wD.Smw/2dWnwBrikjFi","09123456789","","Dasma, Cavite","General Trias, Cavite","120.91392","14.286848","1","Y","No","","0","0","active","","2024-11-12 18:18:40"),
("23","439193310","1","Ricky E. Tagay","","","tagayrickye@gmail.com","$2y$12$8pU8VkAHrAw7v42yuhZAgez3kdsO5oVP.HrvOONlpP4f6/P2NTAtS","","","","General Trias, Cavite","120.9040896","14.3818752","1","N","No","","0","0","active","","2024-11-18 16:54:45"),
("25","481662104","1","Docu Tracker","2001-08-18","","docutracker289@gmail.com","$2y$10$j1SzjsGUUsbxxSWwJLKd0uy9Hu2R5yzK1ndJuWM394FXiIZn3Rfci","09123456789","","Imus, Cavite","Imus, Cavite","120.9204736","14.4048128","1","Y","No","","0","0","active","","2024-11-27 01:34:17"),
("27","454860821","1","Ryan Val Sandagon","2002-08-15","","ryanval.sandagon00@gmail.com","$2y$12$EFrQixmHDyUJzW.JzcEnwONJNiKQy9XI9fWv6AjRIQTJfdVdb7Dgu","","","Bacoor, Cavite","Imus, Cavite","120.930304","14.3818752","1","Y","No","","0","0","active","2024-12-10 07:32:27","2024-12-06 08:45:58"),
("28","359014115","1","Bryan Jones Borjal","2001-08-18","","borjal.bryanjones@ncst.edu.ph","$2y$10$6SY1WzjUHQHwvwsWnl0iGe6fQDGuanse0V3qmlCyKv3lfs/y5IKB6","09123456789","","Imus, Cavite","Imus, Cavite","120.9405057","14.4064221","1","Y","No","","0","0","active","","2024-12-10 15:46:32");



DROP TABLE IF EXISTS verification;

CREATE TABLE `verification` (
  `verification_id` int(11) NOT NULL AUTO_INCREMENT,
  `verification_random_id` varchar(100) NOT NULL,
  `verification_user_id` int(11) DEFAULT NULL,
  `verification_percentage` double NOT NULL,
  `verification_lastname` varchar(100) NOT NULL,
  `verification_firstname` varchar(100) NOT NULL,
  `verification_middlename` varchar(100) DEFAULT NULL,
  `verification_fullname` varchar(255) NOT NULL,
  `verification_birth_date` date NOT NULL,
  `verification_address` varchar(255) NOT NULL,
  `verification_id_uploads` varchar(255) NOT NULL,
  `verification_back_id_uploads` varchar(255) DEFAULT NULL,
  `verification_card_type` varchar(100) DEFAULT NULL,
  `verification_sup_doc` varchar(255) DEFAULT NULL,
  `verification_sup_doc_type` varchar(255) DEFAULT NULL,
  `verification_capture_image` varchar(255) NOT NULL,
  `verification_status` varchar(100) NOT NULL DEFAULT 'pending',
  `verification_reject_reason` varchar(255) DEFAULT NULL,
  `verification_created_at` datetime NOT NULL DEFAULT current_timestamp(),
  PRIMARY KEY (`verification_id`),
  KEY `verification_user_id` (`verification_user_id`),
  CONSTRAINT `verification_ibfk_1` FOREIGN KEY (`verification_user_id`) REFERENCES `users` (`user_id`) ON DELETE SET NULL
) ENGINE=InnoDB AUTO_INCREMENT=11 DEFAULT CHARSET=utf8mb4 COLLATE=utf8mb4_general_ci;

INSERT INTO verification VALUES("2","672df8279ddd5","20","50.479779592430205","","","","Ahn Yudaengz","2000-10-10","Imus, Cavite","2024-11-08-55853blur-id.jpg","","","","","2024-11-08-55853.png","accepted","","2024-11-08 19:38:15"),
("3","672e0ea9674b3","21","40.60071536068388","","","","Kane Gerickson Tagay","2001-08-18","Imus, Cavite","2024-11-08-58526blur-id.jpg","","","","","2024-11-08-58526.png","rejected","Mukhang AI","2024-11-08 21:14:17"),
("4","6738152f817a3","22","47.05740386697062","","","","Sherwin Eguna","2000-10-10","Dasma, Cavite","2024-11-16-83933blur-id.jpg","","","","","2024-11-16-83933.png","rejected","mukhang ai","2024-11-16 11:44:47"),
("5","6752599a39fb6","27","85.67850581046756","","","","Ryan Val Sandagon","2002-08-15","Bacoor, Cavite","2024-12-06-28054blur-id.jpg","","National ID","2024-12-06-28054meralco bill.png","Utility Bill","2024-12-06-28054.png","accepted","","2024-12-06 09:55:38"),
("10","6756e4010d92b","15","76.25551130426956","Mahinay","Billy Joshua","","Billy Joshua  Mahinay","2001-08-18","Dasma, Cavite","2024-12-09-84548blur-id.jpg","2024-12-09-84548backid.jpg","National ID","2024-12-09-84548meralco bill.png","Utility Bill","2024-12-09-84548.png","rejected","Missing required information on ID.","2024-12-09 20:35:13");



DROP TABLE IF EXISTS verified_user;

CREATE TABLE `verified_user` (
  `verification_id` int(11) NOT NULL AUTO_INCREMENT,
  `user_id` int(11) DEFAULT NULL,
  `verification_date` datetime NOT NULL DEFAULT current_timestamp(),
  PRIMARY KEY (`verification_id`),
  KEY `user_id` (`user_id`),
  CONSTRAINT `verified_user_ibfk_1` FOREIGN KEY (`user_id`) REFERENCES `users` (`user_id`) ON DELETE SET NULL
) ENGINE=InnoDB AUTO_INCREMENT=7 DEFAULT CHARSET=utf8mb4 COLLATE=utf8mb4_general_ci;

INSERT INTO verified_user VALUES("2","11","2024-09-25 00:58:14"),
("4","16","2024-10-12 17:08:50"),
("5","15","2024-10-24 22:32:05"),
("6","17","2024-10-26 12:00:35");



